geoid,Lat,Long,avg_permit_val,total permit valuation,total_num_permits,num_permit_norm,norm_perm_val,pop,num_sales_transactions,norm_num_transactions,mhi,total sales value,avg_sales_value,total_price_diff,price_diff_norm
25025010702,42.3518383,-71.0755131,18279.13017,34675509.93,329,0.141323024,14894.97849,2328,775,0.33290378,141250,4909730710,2586791.733,3150058566,1353117.941
25025070902,42.338807,-71.0774493,6068.17986,7809747.48,208,0.090434783,3395.542383,2300,536,0.233043478,115089,1023700665,794798.653,115695.69,50.30247391
25025010801,42.3541707,-71.0769092,8403.636483,17798902.07,221,0.077380952,6232.108568,2856,834,0.292016807,119125,2650776223,1249776.626,54550.77,19.10040966
25025010403,42.345075,-71.0880611,1429.338608,893336.63,79,0.024850582,281.0118371,3179,230,0.072349796,35853,607764451,970869.73,111778.81,35.1616263
25025030400,42.3637112,-71.0536706,6060.083905,9435550.64,346,0.083173077,2268.161212,4160,641,0.154086538,104514,1250549924,803179.1419,32325.31,7.770507212
25025060700,42.3385217,-71.0539041,,,,,,,,,,,,,
25025060800,42.3353908,-71.0514885,2059.911703,6241532.46,670,0.137888454,1284.530245,4859,1295,0.266515744,148750,1467586106,484351.8502,204768377.2,42142.08215
25025061000,42.3317196,-71.0499288,5811.807713,4370479.4,189,0.078228477,1808.973262,2416,345,0.142798013,72985,357818735,475822.7859,28728.19,11.89080712
25025070700,42.3458828,-71.0761507,9171.024419,10189008.13,201,0.079540958,4032.057036,2527,420,0.166204986,128313,1487534245,1338914.712,24099.7,9.536881678
25025060602,42.3441304,-71.0461108,0,0,18,0.054380665,0,331,48,0.145015106,104861,1165531556,12950350.62,2785.65,8.415861027
25025140106,42.2738738,-71.1371416,752.1659091,66190.6,66,0.03030303,30.39054178,2178,34,0.015610652,33235,39268686,446235.0682,2177.59,0.999811754
25025110201,42.280496,-71.1170508,2084.713722,840139.63,274,0.131037781,401.7884409,2091,141,0.067431851,67895,129620968,321640.1191,33216.33,15.8853802
25025080500,42.3356843,-71.0825085,3239.516245,897346,105,0.031934307,272.9154501,3288,101,0.030717762,39625,308893416,1115138.686,33571.54,10.21032238
25025140202,42.2495181,-71.117543,1589.350443,2118604.14,1093,0.187671703,363.7713152,5824,498,0.085508242,110179,547363431,410317.4145,25887.29,4.444933036
25025140300,42.2587734,-71.1188131,1868.583032,2711313.98,1042,0.152272395,396.2171533,6843,531,0.077597545,80696,691372447,476151.823,55901267.54,8169.116987
25025080801,42.3346063,-71.0962114,77102.29412,2621478,59,0.013778608,612.2087809,4282,13,0.003035965,28295,66816700,1965197.059,6293.96,1.469864549
25025140400,42.2692219,-71.1118088,1874.792495,3569604.91,1484,0.188828095,454.2059944,7859,700,0.089069856,67260,537100141,281794.4077,99247356.83,12628.49686
25025020200,42.3602609,-71.0685049,4639.173991,8044327.7,374,0.09831756,2114.70234,3804,648,0.170347003,102642,1449898058,836158.0496,390048008.9,102536.2799
25025980700,42.2614817,-71.1375704,942.2646341,77265.7,4,0.571428571,11037.95714,7,31,4.428571429,-666666666,20619792,251460.878,1944.07,277.7242857
25025080601,42.3333769,-71.0880443,3522.264475,771375.92,115,0.02430262,163.0126627,4732,68,0.014370245,14590,151892279,693572.0502,167832.53,35.46756762
25025030200,42.3646862,-71.0570125,11867.37687,5981157.94,181,0.099724518,3295.403824,1815,209,0.115151515,110063,425827366,844895.5675,10119.25,5.575344353
25025040200,42.376905,-71.0567739,16478.83173,8651386.66,164,0.102885822,5427.469674,1594,195,0.122333752,138036,376078409,712269.714,14406.5,9.037954831
25025040300,42.3787362,-71.0633901,3715.736709,10727331.88,757,0.167292818,2370.681078,4525,1203,0.265856354,155959,1710069033,592334.2684,101680.55,22.47083978
25025050200,42.3775778,-71.0357577,15219.73691,17533136.92,536,0.103136425,3373.703467,5197,455,0.08755051,71402,516460578,448316.474,40432.54,7.77997691
25025050300,42.3722392,-71.0434118,64382.46393,18027089.9,113,0.034683855,5533.176765,3258,119,0.036525476,54811,149738062,534778.7929,133644.22,41.02032535
25025050400,42.3682184,-71.0379019,55895.67362,30574933.47,297,0.125210793,12889.93823,2372,228,0.096121417,86118,308634953,564232.0896,34556.33,14.56843592
25025050600,42.3719233,-71.0372787,6225.689495,6406234.49,231,0.111378978,3088.830516,2074,414,0.199614272,69167,451435235,437861.5276,102364.21,49.35593539
25025050700,42.3753741,-71.0332347,6847.594507,6457281.62,450,0.099557522,1428.602128,4520,356,0.078761062,65667,392323891,416038.0604,82384111.2,18226.57327
25025010104,42.34943,-71.0937493,13209.522,22641120.71,186,0.036737112,4471.878473,5063,626,0.123642109,59063,1962204073,1144142.317,130166.6,25.70938179
25025060101,42.3347618,-71.0279302,5456.746435,8954520.9,465,0.12659951,2437.931092,3673,759,0.206643071,152697,959026169,584415.7032,449633.39,122.4158426
25025000503,42.3396411,-71.1500865,802.9288426,790884.91,62,0.025641026,327.0822622,2418,342,0.141439206,85417,355908038,361327.9574,17475.23,7.227142266
25025051200,42.364448,-71.0364673,16535.91157,14601209.92,371,0.107411697,4227.333503,3454,372,0.107701216,103482,407824565,461862.4745,82975.25,24.02294441
25025060200,42.3325583,-71.0326799,7365.734602,6577601,339,0.145618557,2825.429983,2328,437,0.187714777,138804,528182395,591469.6473,493076.94,211.8028093
25025060400,42.3323988,-71.0428981,2893.686339,7144511.57,830,0.159769009,1375.266905,5195,1111,0.21385948,147401,1357450440,549575.0769,66230846.91,12748.95994
25025981300,42.3615186,-71.0073933,,,,,,,,,,,,,
25025010300,42.339422,-71.1018257,74.23580786,17000,58,0.011183957,3.278056305,5186,55,0.010605476,56953,153279540,669342.9694,4376.09,0.843827613
25025981100,42.2879942,-71.1034042,8.454545455,279,19,0.195876289,2.87628866,97,20,0.206185567,-666666666,17798292,539342.1818,290.26,2.992371134
25025981800,42.3231248,-71.1169865,37.03703704,5000,6,0.260869565,217.3913043,23,56,2.434782609,-666666666,75052388,555943.6148,3003.81,130.6004348
25025981700,42.3550969,-71.0657367,0,0,3,0.75,0,4,35,8.75,-666666666,679921209,8499015.113,8059.15,2014.7875
25025981501,42.3524288,-71.0878101,,,,,,,,,,,,,
25025981201,42.3289903,-71.0346023,,,,,,,,,,,,,
25025000601,42.350982,-71.1456705,3277.88628,2766536.02,437,0.116285258,736.1724375,3758,323,0.085949973,114479,517652575,613332.4348,710016981.9,188934.8009
25025000502,42.3315048,-71.1574973,203.7339401,245091.93,106,0.015173204,35.08329946,6986,422,0.060406527,76458,606742496,504357.852,61021887.04,8734.882199
25025000701,42.346958,-71.1379847,1067.804123,1077414.36,179,0.039628072,238.5243215,4517,319,0.070622094,72382,464389173,460246.9504,21449.52,4.748620766
25025110501,42.2821618,-71.1414485,4152.840762,4252508.94,744,0.225317989,1287.858552,3302,460,0.139309509,116731,468224114,456358.7856,26949.68,8.161623259
25025061101,42.3262844,-71.0542968,190.4761905,4000,17,0.006273063,1.47601476,2710,8,0.00295203,12300,11138153,530388.2381,654.12,0.241372694
25025000302,42.3472585,-71.1676864,4110.501969,3987186.91,420,0.13671875,1297.912406,3072,398,0.129557292,103234,504262526,519858.2742,14306.48,4.657057292
25025080900,42.3323435,-71.1016923,9861.239632,4822146.18,287,0.065585009,1101.952966,4376,185,0.042276051,72208,623553979,1275161.511,58345493.43,13333.06523
25025060501,42.3368686,-71.0382133,1929.938586,4765018.37,590,0.124656666,1006.764921,4733,1185,0.250369744,145052,1424331671,576886.0555,151774.23,32.06723643
25025050101,42.3816657,-71.0397908,12150.23658,11044565.05,448,0.091112467,2246.199929,4917,317,0.064470205,67632,364789601,401308.692,24559.07,4.994726459
25025110607,42.2902453,-71.1350293,3513.982397,5629399.8,1042,0.197498105,1066.982525,5276,704,0.13343442,137821,734993028,458510.9345,57327.49,10.86571077
25025120104,42.3042695,-71.1170951,2685.942216,2315282.19,347,0.146228403,975.6772819,2373,345,0.145385588,112056,388895716,451155.123,26125.97,11.00967973
25025120201,42.3051903,-71.1083461,3146.501893,4121917.48,432,0.099082569,945.3939174,4360,526,0.120642202,91200,611362069,466688.6023,314135.43,72.04941055
25025980300,42.3006134,-71.094613,4392.255556,395303,4,0.03539823,3498.256637,113,46,0.407079646,-666666666,44314874,492387.4889,1941.35,17.1800885
25025000704,42.3500028,-71.1334045,111.2554635,147636,187,0.035203313,27.79292169,5312,444,0.083584337,66315,966715380,728496.8953,27166.76,5.114224398
25025000703,42.3513284,-71.1282176,145.3586498,34450,110,0.045045045,14.10728911,2442,73,0.02989353,44674,185183538,781365.1392,3905.52,1.599312039
25025010802,42.3515155,-71.0857007,12283.45445,28043126.5,298,0.097449313,9170.41416,3058,899,0.293982995,132981,2570949125,1125141.849,7269161279,2377096.56
25025010204,42.3464726,-71.1034355,5728.115966,3408229,158,0.045890212,989.9009585,3443,207,0.060121987,47750,1995479680,3353747.361,12465.86,3.620638978
25025010404,42.3419678,-71.0886377,847.7615751,801982.45,139,0.024186532,139.5480164,5747,293,0.050983122,24821,712766500,753452.9598,19465.16,3.387012354
25025000401,42.3438495,-71.1492929,11637.97809,19656545,376,0.06424056,3358.370921,5853,566,0.096702546,77683,648602055,384015.4263,33809.84,5.776497523
25025010405,42.3398656,-71.0895958,9696.42228,3742819,84,0.012257406,546.1577411,6853,185,0.026995476,18125,581215494,1505739.622,12640.53,1.844525026
25025081001,42.3345574,-71.1068296,2218.714286,1397790,327,0.057418788,245.4416155,5695,231,0.040561896,37453,685323015,1087814.31,87013.57,15.27894118
25025020101,42.3577451,-71.0693336,11095.17499,29735068.96,657,0.155135773,7021.267759,4235,1059,0.250059032,158278,5009394728,1867087.114,290171777.8,68517.53904
25025020301,42.3631736,-71.0686464,2339.62766,1319550,37,0.017082179,609.2105263,2166,192,0.088642659,112045,349738977,620104.5691,40011881.35,18472.70607
25025020302,42.3593442,-71.0639956,2463.375219,2133282.94,138,0.106728538,1649.870797,1293,334,0.258313998,126250,1113656284,1285977.233,125596.06,97.13539056
25025040100,42.3730476,-71.0597515,7359.470767,12378629.83,329,0.13940678,5245.182131,2360,633,0.268220339,165926,1169113276,694660.2947,42655.18,18.07422881
25025060603,42.3477038,-71.041147,0,0,23,0.015312916,0,1502,12,0.007989348,194643,183207377,1908410.177,-29.62,-0.019720373
25025070802,42.3417055,-71.0802334,6265.472355,8777926.77,292,0.108752328,3269.246469,2685,565,0.210428305,81250,1246298038,888942.9658,2376054269,884936.4131
25025050901,42.3819368,-71.0295001,11766.54635,10142762.95,479,0.112918435,2391.033227,4242,333,0.078500707,80809,439061380,509351.949,47936.74,11.30050448
25025061202,42.3387527,-71.0625085,,,,,,,,,,,,,
25025051000,42.3873027,-71.0161271,2950.627174,2171661.6,512,0.11860088,503.0487839,4317,319,0.073893908,65875,580479274,787624.5237,123589.01,28.628448
25025070801,42.3399771,-71.0825322,6301.103324,2236891.68,49,0.046401515,2118.268636,1056,145,0.137310606,-666666666,311086156,876299.031,210008875.4,198872.0411
25025060601,42.3392514,-71.0489604,635.5280685,667940,201,0.100199402,332.9710867,2006,457,0.22781655,163646,599473107,570383.5461,65803.39,32.80328514
25025060301,42.3334669,-71.0369483,4178.704967,6890684.49,574,0.159046827,1909.305761,3609,791,0.219174287,161097,938220321,568963.2025,43575.7,12.07417567
25025080100,42.3293312,-71.0705295,2634.471655,1496379.9,376,0.129655172,515.993069,2900,203,0.07,42563,881139263,1551301.519,76475342.16,26370.80764
25025100700,42.2826719,-71.0479602,5307.221333,7127598.25,831,0.191828255,1645.336623,4332,520,0.120036934,125094,568822342,423546.0477,9491686.09,2191.063271
25025120103,42.3117553,-71.118142,2701.150305,1596379.83,334,0.203410475,972.2167052,1642,238,0.144945189,196563,445009903,752977.8393,10620.86,6.468246041
25025130406,42.2600645,-71.1514976,2551.388794,2115101.31,354,0.062777088,375.0844671,5639,361,0.064018443,44115,433036737,522360.3583,156502.86,27.7536549
25025130404,42.2665157,-71.1559219,6357.143719,6700429.48,497,0.161731207,2180.419616,3073,419,0.136348845,85066,440708924,418129.9089,149291.51,48.5816824
25025010408,42.3431682,-71.0958461,2189.45208,873591.38,36,0.025034771,607.5044367,1438,121,0.084144645,67832,158936372,398336.7719,12031.03,8.366502086
25025010701,42.3497199,-71.0838784,12891.54166,20922972.12,296,0.116397955,8227.672875,2543,661,0.259929217,130417,2985304756,1839374.465,3070769369,1207538.092
25025110403,42.2791462,-71.1281223,2109.888722,2972833.21,870,0.196078431,670.0097386,4437,542,0.122154609,111328,541648611,384420.5898,63031936.01,14205.98062
25025040801,42.3789064,-71.0518705,1260.532706,2156771.46,43,0.010654113,534.3834143,4036,653,0.161793855,100446,1300288784,759958.3776,115888.62,28.71373142
25025071201,42.3397875,-71.0670373,4981.433456,4338828.54,105,0.029880478,1234.726392,3514,408,0.116107001,76366,834328165,957896.8599,20024804.27,5698.578335
25025120301,42.3126892,-71.1019405,4799.758389,7386828.16,632,0.1234375,1442.739875,5120,586,0.114453125,109079,723744635,470269.4185,93457.93,18.25350195
25025120105,42.3087398,-71.1262938,7388.532991,8496812.94,594,0.238362761,3409.636011,2492,447,0.179373997,163884,738497264,641056.6528,117597.43,47.18997994
25025140105,42.2680071,-71.1251854,2886.71048,2828976.27,831,0.231347439,787.5769126,3592,373,0.103841871,91488,365826153,373291.9929,31501.33,8.769858018
25025070901,42.3377169,-71.0795662,24478.93922,5972861.17,79,0.067811159,5126.919459,1165,112,0.096137339,30357,330900216,1350613.127,10429.5,8.952360515
25025000402,42.3441742,-71.1588288,1973.911624,1774546.55,423,0.116081229,486.9776482,3644,335,0.091931943,101583,737723303,820604.3415,24140.46,6.624714599
25025000201,42.3540651,-71.1611678,2067.38864,1383083,522,0.132051606,349.8818619,3953,264,0.06678472,112244,357266400,534030.4933,139105.73,35.18991399
25025000202,42.3526051,-71.1543443,3970.326068,2211471.62,478,0.115236258,533.1416635,4148,243,0.058582449,84938,369684646,663706.7253,13310.21,3.20882594
25025000301,42.3541444,-71.16882,3803.805238,2795796.85,378,0.120535714,891.5168527,3136,329,0.104910714,125828,403416062,548865.3905,93014278.36,29660.16529
25025071101,42.3359523,-71.0727888,7518.969441,13045411.98,230,0.055947458,3173.294084,4111,777,0.189005108,81073,1252055581,720814.9574,56122.97,13.65190221
25025000506,42.3401535,-71.1459005,1445.234665,1400432.39,128,0.044214162,483.7417582,2895,336,0.116062176,67024,408356544,421420.582,43016746.94,14858.97994
25025010206,42.346504,-71.0942317,3736.656051,1759965,50,0.023212628,817.0682451,2154,185,0.085886722,65625,212736534,451669.9236,8349.34,3.876202414
25025030500,42.3675671,-71.0515811,2120.749643,2973291,158,0.058195212,1095.134807,2715,544,0.200368324,114107,1257018910,896589.8074,53967002.15,19877.34886
25025010500,42.3444618,-71.0843482,1738.306188,1331542.54,187,0.048245614,343.535227,3876,339,0.0874613,49772,1757452087,2294323.873,32616.4,8.41496388
25025070302,42.3499539,-71.0694197,3717.420279,5460890.39,196,0.093779904,2612.866215,2090,566,0.270813397,151513,2856561910,1944562.226,118044058.9,56480.41096
25025061203,42.3416085,-71.0566283,0.333086053,449,143,0.053239017,0.167163068,2686,708,0.26358898,246750,1322304546,980938.0905,34648.38,12.89962025
25025091300,42.3199357,-71.0668701,31262.53523,16256518.32,278,0.105864433,6190.601036,2626,193,0.073495811,35078,697193710,1340757.135,107112030.1,40789.04421
25025070103,42.3478532,-71.0598082,2053.846154,26700,10,0.013315579,35.55259654,751,11,0.014647137,62750,17998000,1384461.538,100.82,0.13424767
25025081301,42.3186892,-71.0993402,23986.84314,3669987,183,0.076441103,1532.993734,2394,75,0.031328321,20833,204190448,1334578.092,4748.32,1.98342523
25025070301,42.346324,-71.0716357,9482.835209,19259638.31,316,0.142792589,8702.954501,2213,747,0.337550836,203264,1877731660,924535.5293,52385.56,23.67173972
25025981900,42.2783928,-71.1790082,,,,,,,,,,,,,
25025070102,42.3556883,-71.0617639,4094.951025,9868831.97,113,0.030648223,2676.656352,3687,997,0.270409547,55724,3593275900,1490985.851,222789.83,60.42577434
25025070501,42.3431213,-71.0691593,14490.37445,20706745.09,284,0.127755286,9314.775119,2223,597,0.268556005,180409,1384186630,968640.049,33103.39,14.89131354
25025030302,42.3601404,-71.0577232,55388.7474,22986330.17,164,0.088937093,12465.47189,1844,149,0.080802603,119659,5620213485,13542683.1,50263033.83,27257.61054
25025070201,42.3500054,-71.0653769,323699.3713,108115590,63,0.015789474,27096.6391,3990,218,0.054636591,48651,976079874,2922394.832,20489.12,5.135117794
25025040600,42.3832248,-71.0698352,8733.874437,15057199.53,582,0.158023351,4088.297456,3683,809,0.219657888,165556,1238999002,718260.291,113261.38,30.75247896
25025010205,42.3432726,-71.0994449,1511.498994,961313.36,75,0.015287403,195.9464656,4906,186,0.03791276,58702,659531052,1036998.509,20511.68,4.180937627
25025110105,42.2988673,-71.1114074,3081.954444,2496383.1,267,0.125943396,1177.539198,2120,305,0.143867925,106959,356510659,439593.9075,23394.74,11.03525472
25025000806,42.3636765,-71.1264765,153.0833333,3674,39,0.019776876,1.863083164,1972,10,0.005070994,69387,312763939,13031830.79,364.35,0.184761663
25025000102,42.3590809,-71.1439885,22135.78901,10071784,306,0.082390953,2711.842757,3714,177,0.047657512,105444,734812810,1614973.209,43527452.12,11719.83094
25025061201,42.3326075,-71.0576503,6655.632022,7274605.8,317,0.157476403,3613.813115,2013,522,0.259314456,104261,1239517650,1134050.915,471211362.1,234084.1342
25025020305,42.366777,-71.0645674,0,0,15,0.004128819,0,3633,316,0.086980457,126576,818621998,930252.2705,145921.14,40.16546656
25025020304,42.3640512,-71.0609927,289.5402299,25190,64,0.033578174,13.2161595,1906,35,0.018363064,185969,371442097,4269449.391,24535.08,12.87254984
25025130101,42.2922825,-71.166244,4024.351417,7670413.8,1264,0.208994709,1268.25625,6048,825,0.13640873,121875,881204562,461847.2547,52256.33,8.640266204
25025000505,42.3431835,-71.1411123,122.1914008,88100,81,0.036885246,40.11839709,2196,258,0.117486339,53365,309437235,429177.8571,20983.01,9.555104736
25025000604,42.351044,-71.1397725,1070.777266,595352.16,149,0.057506754,229.7769819,2591,186,0.071786955,54602,300639627,540718.7536,10471.65,4.041547665
25025030301,42.3599516,-71.0492086,9195.533767,11522003.81,28,0.020216606,8319.136325,1385,566,0.40866426,119720,2244195193,1791057.616,31733.21,22.91206498
25025000807,42.3524656,-71.1168882,0,0,14,0.006134969,0,2282,3,0.001314636,-666666666,30636200,2356630.769,163.37,0.07159071
25025081101,42.3270449,-71.1124512,11531.27877,3828384.55,56,0.037735849,2579.773956,1484,116,0.078167116,71875,146710229,440571.2583,65366157.58,44047.276
25025081102,42.3288046,-71.1059304,1072.694006,680088,187,0.059083728,214.8777251,3165,217,0.068562401,77034,368498377,581227.724,234267542.2,74018.18077
25025000603,42.3476014,-71.1449263,16012.25225,1777360,28,0.015936255,1011.587934,1757,45,0.025611838,21481,363471029,3274513.775,425002641.2,241891.0877
25025070202,42.3500656,-71.0619598,552650.7597,213875844,180,0.032967033,39171.4,5460,146,0.026739927,46090,699361860,1807136.589,10555.5,1.933241758
25025000805,42.3539909,-71.1278821,355.0985577,147721,238,0.051559792,32.00194974,4616,135,0.029246101,45735,315625996,758716.3365,72066.87,15.61240685
25025081302,42.3197631,-71.096562,12064.8694,3233385,120,0.038961039,1049.800325,3080,94,0.030519481,25308,165551644,617730.0149,25518973.26,8285.380929
25025110106,42.2924541,-71.116541,4061.748184,1811539.69,229,0.168879056,1335.943724,1356,171,0.126106195,93221,201902444,451683.3199,13457.14,9.924144543
25025070502,42.3411012,-71.0737001,16377.62879,20242749.19,244,0.071912762,5966.03277,3393,513,0.151193634,21951,1165232232,942744.5243,32754.39,9.65351901
25025000101,42.3608778,-71.133051,6510.280936,1946574,241,0.128464819,1037.619403,1876,108,0.057569296,123333,1642345211,5492793.348,67251.7,35.84845416
25025110104,42.2934302,-71.1208887,3272.705063,1034174.8,211,0.09692237,475.0458429,2177,116,0.053284336,47612,160862507,509058.5665,7658.91,3.518102894
25025980900,42.2853953,-71.1801892,,,,,,,,,,,,,
25025000804,42.3586255,-71.1308995,3430.874406,3207867.57,421,0.110411749,841.2975531,3813,360,0.094413847,100048,952554596,1018774.969,117118.93,30.71569106
25025092000,42.2996758,-71.0675668,11534.83659,10923490.25,656,0.126640927,2108.781902,5180,303,0.058494208,61786,410164668,432663.1519,13366644.14,2580.433232
25025092200,42.2950131,-71.0661804,6213.74478,4939927.1,557,0.154636313,1371.440061,3602,259,0.071904498,85132,338621454,425938.9358,180488.52,50.1078623
25025092300,42.2939435,-71.0750607,17078.52484,12381930.51,437,0.132384126,3750.963499,3301,255,0.077249318,71667,307285251,423841.7255,3827416.03,1159.471684
25025092400,42.2960408,-71.0849902,6802.238988,6251257.63,560,0.092302621,1030.370468,6067,331,0.054557442,39850,468863910,510189.2383,33548765.47,5529.712456
25025100100,42.2902498,-71.0873027,1336.902162,1137703.74,565,0.098741699,198.8297344,5722,323,0.056448794,36471,300731011,353385.4418,18253175.66,3189.999242
25025100200,42.2848003,-71.0857223,5676.527515,3905450.93,388,0.132922234,1337.941394,2919,222,0.076053443,58958,225561916,327851.6221,3355625,1149.580336
25025140201,42.2375297,-71.1305801,4346.068121,2220840.81,351,0.151882302,960.9869364,2311,193,0.08351363,100179,261626930,511990.0783,13606.45,5.887689312
25025082100,42.3094485,-71.0872292,30850.26443,11846501.54,302,0.057810107,2267.707033,5224,172,0.032924962,26547,1361190037,3544765.721,10132.28,1.939563553
25025050500,42.3708587,-71.031925,5145.44683,2305160.18,146,0.067157314,1060.33127,2174,163,0.074977001,97892,259431675,579088.5603,21870.36,10.0599632
25025101101,42.2848807,-71.0958793,4506.7369,2762629.72,428,0.121521863,784.3923112,3522,211,0.059909143,59226,236483103,385779.9396,132937.3,37.74483248
25025101102,42.2787956,-71.0920463,7242.311614,6373234.22,539,0.11309274,1337.229169,4766,324,0.067981536,48393,394628629,448441.6239,71634103.67,15030.23577
25025110401,42.2864371,-71.1225498,1587.489127,1509702.16,516,0.142344828,416.4695614,3625,384,0.105931034,78468,371272577,390402.2892,29523350.79,8144.372632
25025120600,42.3190999,-71.1088366,1130.410023,998152.05,379,0.147700701,388.9914458,2566,371,0.144583009,130000,449923613,508963.3631,22947.19,8.942786438
25025091700,42.3036084,-71.0659184,3462.580695,2590010.36,371,0.11582891,808.6201561,3203,196,0.061192632,56772,260049712,347660.0428,7926023.82,2474.562541
25025030100,42.3669373,-71.0561403,14350.58507,8825609.82,212,0.100236407,4172.865163,2115,250,0.11820331,101667,447299690,727316.5691,27500.84,13.00276123
25025110502,42.2829171,-71.132605,2775.692609,3616727.47,770,0.1925,904.1818675,4000,515,0.12875,106717,571142417,438328.7928,227881.02,56.970255
25025010600,42.3476422,-71.0793745,7939.089027,9137891.47,80,0.022669311,2589.371343,3529,462,0.130915273,93415,3403655050,2957128.627,44994.33,12.74988099
25025120500,42.3206587,-71.1042025,2765.830656,1938847.29,262,0.108130417,800.1846017,2423,295,0.121749897,127500,370317335,528270.0927,113038.43,46.65226166
25025070600,42.3432581,-71.0753887,25028.45043,38468728.31,421,0.184083953,16820.60704,2287,641,0.280279843,206667,1689043201,1097493.958,77755.57,33.99893747
25025100603,42.2914125,-71.0421575,1719.17289,1588515.75,329,0.151473297,731.3608425,2172,394,0.181399632,123169,497591779,537937.0584,37255.36,17.15255985
25025010103,42.3498504,-71.1034992,0,0,126,0.026825633,0,4697,1,0.000212902,34804,7572000,2524000,0,0
25025070402,42.3455432,-71.0651669,30.85106383,2900,29,0.00814378,0.814377984,3561,40,0.0112328,64750,948019393,10085312.69,13786.59,3.871550126
25025140107,42.2577216,-71.1284206,2715.893453,2202589.59,511,0.183945284,792.8688229,2778,308,0.11087113,87826,292679095,360442.2352,21052897.81,7578.436937
25025051101,42.3854556,-71.0043188,1442.098235,1495455.87,766,0.118575851,231.4947167,6460,442,0.068421053,61102,476546950,459543.8284,23957959.15,3708.662407
25025981202,42.3470233,-71.025781,0,0,30,5,0,6,158,26.33333333,-666666666,451550939,1736734.381,6001.65,1000.275
25025981600,42.3886205,-70.9934424,,,,,,,,,,,,,
25025090901,42.317172,-71.044563,,,,,,,,,,,,,
25025092101,42.2979499,-71.0541278,3250.622756,6582511.08,888,0.128305158,951.0924837,6921,738,0.10663199,53102,799589182,394858.8553,172937759.5,24987.39481
25025110301,42.2868052,-71.1132775,2821.733404,2404116.86,540,0.216,961.646744,2500,316,0.1264,90833,365123839,428549.1068,71714.61,28.685844
25025100500,42.2882316,-71.0707467,4576.359146,6750129.74,835,0.126976886,1026.479583,6576,529,0.080444039,49644,606579931,411240.6312,24027758.61,3653.856236
25025981000,42.298882,-71.1267094,1936.25,61960,4,0.363636364,5632.727273,11,8,0.727272727,-666666666,21323400,666356.25,774.98,70.45272727
25025980101,42.3265116,-70.9390337,,,,,,,,,,,,,
25025091001,42.3082205,-71.0517137,4932.895594,5149943,466,0.143164363,1582.163748,3255,422,0.129646697,90893,1438487605,1375227.156,1111640959,341517.9599
25025040401,42.3740347,-71.0665218,8643.152489,9792691.77,326,0.11156742,3351.366109,2922,484,0.165639973,110964,771147572,680624.5119,36350.54,12.44029432
25025100601,42.2908491,-71.0562794,1428.962276,2567845.21,763,0.142830401,480.6898559,5342,695,0.130101086,99207,629144561,349913.5489,81618793.39,15278.69588
25025090100,42.3023758,-71.0820195,5164.877974,4028604.82,519,0.100367434,779.0765461,5171,275,0.053181203,33652,325099581,416794.3346,67355.33,13.02559079
25025091100,42.3156248,-71.0556094,4451.650973,6494958.77,646,0.131407648,1321.187707,4916,624,0.126932465,108079,651764083,446719.7279,60801954.07,12368.17617
25025091200,42.3163259,-71.0622198,11119.71153,8484339.9,390,0.124203822,2702.019076,3140,327,0.104140127,71125,354178707,463584.695,24024417.86,7651.08849
25025091400,42.3152689,-71.0698538,5298.898815,2236135.3,307,0.106375606,774.8216563,2886,123,0.042619543,45990,284261171,673604.6706,61127322.86,21180.63855
25025091500,42.3114941,-71.0643707,3772.973097,4312508.25,494,0.107672188,939.953847,4588,421,0.091761116,56203,462684088,404797.9773,169433303.1,36929.66502
25025091600,42.3060353,-71.0611919,2518.509989,2191103.69,361,0.1128125,684.7199031,3200,314,0.098125,71111,370868941,426286.1391,9035781.58,2823.681744
25025091800,42.3073664,-71.0705167,2744.575679,2121557,457,0.122915546,570.6178053,3718,246,0.066164605,39674,284291260,367776.533,38342007.17,10312.53555
25025080300,42.3274519,-71.0790504,15730.95361,6103610,211,0.094364937,2729.700358,2236,132,0.059033989,41211,366963621,945782.5284,124220355.8,55554.72082
25025080401,42.3321176,-71.0808969,786.1,204386,118,0.034797995,60.27307579,3391,90,0.026540843,22212,395939629,1522844.727,10033.2,2.958773223
25025081200,42.3243654,-71.1037533,7791.523529,2649118,193,0.055048488,755.5955505,3506,142,0.040501997,25580,179787293,527235.4633,69670.34,19.87174558
25025081400,42.3277602,-71.0937549,7442.12906,6333251.83,457,0.12109168,1678.127141,3774,350,0.092739799,59464,457914549,538089.9518,243473.37,64.51334658
25025081500,42.3207186,-71.0929141,22233.52356,12361839.1,242,0.098815843,5047.708902,2449,217,0.088607595,63144,220951850,397395.4137,24087.24,9.835541037
25025081700,42.3226992,-71.0860337,4971.656515,3067512.07,348,0.084037672,740.7660155,4141,226,0.054576189,30349,284763072,461528.4797,1067172663,257708.926
25025081800,42.3203184,-71.0800303,4762.087577,3557279.42,441,0.123633305,997.2748584,3567,285,0.079899075,33646,258516789,346073.3454,63951.41,17.9286263
25025081900,42.3154742,-71.089652,14398.28899,6277654,327,0.089076546,1710.066467,3671,178,0.04848815,60183,320200557,732724.3867,33224.62,9.050563879
25025082000,42.3137479,-71.0839483,2597.553854,1348130.45,408,0.127699531,421.9500626,3195,215,0.067292645,69041,253525600,488488.632,14020.8,4.388356808
25025091900,42.3008408,-71.0755308,3775.887448,2722414.85,500,0.116877045,636.3756078,4278,269,0.06287985,56750,285997960,396668.4605,229979.62,53.75867695
25025090200,42.3071378,-71.0790559,1775.639665,635679,197,0.081674959,263.5485075,2412,113,0.046849088,39773,138482970,386823.9385,7529165.32,3121.544494
25025090300,42.3109366,-71.076505,15438.99081,8398811,354,0.093280632,2213.125428,3795,197,0.051910408,33824,467956664,860214.4559,160623036.8,42324.91089
25025090400,42.3171635,-71.0747098,5544.089671,4884343,460,0.112167764,1191.01268,4101,266,0.064862229,54670,753040984,854757.076,11302881.91,2756.128239
25025090600,42.3229604,-71.0722753,3805.09799,1514429,338,0.137959184,618.1342857,2450,146,0.059591837,45526,242797262,610043.3719,104107662.1,42492.92331
25025090700,42.324115,-71.0600141,3614.672562,4796670.49,613,0.131179114,1026.464903,4673,565,0.12090734,75972,814106719,613494.1364,212556212.3,45486.02874
25025100300,42.2827979,-71.0797972,19972.10474,16696679.56,549,0.146909286,4467.93673,3737,315,0.084292213,65417,289785194,346633.0072,130456.31,34.90936848
25025100400,42.2817867,-71.0708444,2284.755983,2195650.5,758,0.149565904,433.2380624,5068,319,0.062943962,94352,399136540,415334.589,13628440.13,2689.116048
25025100800,42.2775008,-71.0636843,1280.741478,2313019.11,927,0.16007598,399.416182,5791,773,0.133482991,88984,1172423393,649182.3882,54568637.92,9423.007757
25025101002,42.2740572,-71.0853267,17577.49207,11899962.13,682,0.119397759,2083.326703,5712,246,0.043067227,50671,297692597,439074.6268,18981.52,3.323095238
25025100900,42.2740065,-71.0742308,4781.596767,5250193.25,801,0.193105111,1265.716791,4148,436,0.105110897,95375,545559016,496866.1348,137141.65,33.06211427
25025101001,42.2721326,-71.101728,9573.059597,10224027.65,972,0.173726542,1827.350786,5595,371,0.066309205,81218,521385120,488188.3146,37457388.48,6694.796869
25025110601,42.2982511,-71.1399775,2075.79925,1604592.82,719,0.272451686,608.0306252,2639,299,0.113300493,134464,389766450,504225.6792,16933.74,6.416726033
25025120400,42.3139087,-71.1116638,4714.813358,11584296.42,863,0.143689644,1928.787283,6006,1008,0.167832168,122569,1339152919,545035.7831,64450.46,10.73101232
25025120700,42.3243205,-71.1109956,3054.904223,2242299.7,195,0.091164095,1048.293455,2139,261,0.122019635,123700,481667971,656223.3937,19865.01,9.287054698
25025130200,42.2873319,-71.157012,8631.422962,12239357.76,1203,0.255522515,2599.693662,4708,616,0.130841121,122266,809445182,570433.5321,110120.36,23.39005098
25025130402,42.2719594,-71.1668004,2689.388902,4483211.3,1097,0.226981171,927.6249328,4833,723,0.149596524,99708,724375289,434277.7512,132009.74,27.31424374
25025130300,42.2791297,-71.1507116,26231.59518,37930886.63,1184,0.263345196,8436.585105,4496,597,0.132784698,135966,775422141,535882.613,32975.46,7.334399466
25025140102,42.2446858,-71.1426123,8489.086437,11197105.01,977,0.197055264,2258.391491,4958,513,0.103469141,112927,903827140,683681.649,49587671.55,10001.54731
25025070104,42.3523203,-71.0562868,5213.224522,11333550.11,213,0.07442348,3960.010521,2862,915,0.319706499,154779,15933662158,7329191.425,1231356.3,430.2432914
25025061204,42.3457244,-71.0532683,426.3224181,338500,35,0.037353255,361.2593383,937,283,0.302027748,147648,3904436358,4917426.144,171181.42,182.6909498
25025060604,42.350768,-71.0384635,577682.54,213164857.3,97,0.03460578,76048.82528,2803,224,0.079914377,214150,4102235518,11117169.43,617684.78,220.3656011