ct20_id,avg_permit_val,total permit valuation,total_num_permits,num_permit_norm,norm_perm_val,pop,num_sales_transactions,norm_num_transactions,mhi,total sales value,avg_sales_value,total_price_diff,price_diff_norm
25017341600,0,0,0,0,0,6985,784,0.112240515,81910,0,0,0,0
25017350202,0,0,0,0,0,3860,530,0.137305699,114622,0,0,0,0
25017383501,0,0,0,0,0,4674,305,0.0652546,53929,0,0,0,0
25017336300,0,0,0,0,0,6985,1155,0.165354331,144737,0,0,0,0
25025030301,9195.533767,11522003.81,28,0.020216606,8319.136325,1385,566,0.40866426,119720,2244195193,1791057.616,31733.21,22.91206498
25017355000,0,0,0,0,0,3129,343,0.109619687,124250,0,0,0,0
25023503102,0,0,0,0,0,7428,1066,0.143511039,151678,0,0,0,0
25009210402,0,0,0,0,0,4133,570,0.137914348,93438,0,0,0,0
25021401202,0,0,0,0,0,1707,254,0.148799063,89294,0,0,0,0
25009217602,0,0,0,0,0,4756,466,0.097981497,223134,0,0,0,0
25009208401,0,0,0,0,0,2968,382,0.128706199,118807,0,0,0,0
25017358300,0,0,0,0,0,6380,712,0.111598746,200242,0,0,0,0
25017352102,0,0,0,0,0,2663,565,0.212166729,135078,0,0,0,0
25017358400,0,0,0,0,0,5285,880,0.166508988,159970,0,0,0,0
25017333601,0,0,0,0,0,1550,176,0.113548387,127944,0,0,0,0
25025070302,3717.420279,5460890.39,196,0.093779904,2612.866215,2090,566,0.270813397,151513,2856561910,1944562.226,118044058.9,56480.41096
25025110401,1587.489127,1509702.16,516,0.142344828,416.4695614,3625,384,0.105931034,78468,371272577,390402.2892,29523350.79,8144.372632
25025000804,3430.874406,3207867.57,421,0.110411749,841.2975531,3813,360,0.094413847,100048,952554596,1018774.969,117118.93,30.71569106
25025101101,4506.7369,2762629.72,428,0.121521863,784.3923112,3522,211,0.059909143,59226,236483103,385779.9396,132937.3,37.74483248
25025081400,7442.12906,6333251.83,457,0.12109168,1678.127141,3774,350,0.092739799,59464,457914549,538089.9518,243473.37,64.51334658
25025160502,0,0,0,0,0,5604,595,0.106174161,53692,0,0,0,0
25025092300,17078.52484,12381930.51,437,0.132384126,3750.963499,3301,255,0.077249318,71667,307285251,423841.7255,3827416.03,1159.471684
25025070102,4094.951025,9868831.97,113,0.030648223,2676.656352,3687,997,0.270409547,55724,3593275900,1490985.851,222789.83,60.42577434
25009221700,0,0,0,0,0,2878,333,0.115705351,64375,0,0,0,0
25017331300,0,0,0,0,0,7477,1000,0.13374348,148375,0,0,0,0
25009203302,0,0,0,0,0,4443,943,0.212243979,136369,0,0,0,0
25021443106,0,0,0,0,0,5540,793,0.143140794,106111,0,0,0,0
25009221100,0,0,0,0,0,4348,710,0.163293468,96339,0,0,0,0
25009210301,0,0,0,0,0,5176,447,0.086360124,51938,0,0,0,0
25017366201,0,0,0,0,0,3750,591,0.1576,235313,0,0,0,0
25025092400,6802.238988,6251257.63,560,0.092302621,1030.370468,6067,331,0.054557442,39850,468863910,510189.2383,33548765.47,5529.712456
25009206700,0,0,0,0,0,4564,527,0.115468887,62552,0,0,0,0
25009223200,0,0,0,0,0,3747,811,0.216439819,75526,0,0,0,0
25027715100,0,0,0,0,0,5665,982,0.173345102,167132,0,0,0,0
25017322200,0,0,0,0,0,4462,886,0.198565666,97838,0,0,0,0
25017352900,0,0,0,0,0,2869,468,0.163123039,160833,0,0,0,0
25009210200,0,0,0,0,0,5308,786,0.148078372,116556,0,0,0,0
25017383904,0,0,0,0,0,5221,957,0.183298219,79306,0,0,0,0
25025061204,426.3224181,338500,35,0.037353255,361.2593383,937,283,0.302027748,147648,3904436358,4917426.144,171181.42,182.6909498
25023504102,0,0,0,0,0,5733,784,0.136752137,202130,0,0,0,0
25009210500,0,0,0,0,0,6946,947,0.13633746,104892,0,0,0,0
25017350300,0,0,0,0,0,2984,487,0.163203753,125288,0,0,0,0
25021442104,0,0,0,0,0,5565,873,0.156873315,129107,0,0,0,0
25009209100,0,0,0,0,0,7176,1035,0.144230769,125740,0,0,0,0
25025130101,4024.351417,7670413.8,1264,0.208994709,1268.25625,6048,825,0.13640873,121875,881204562,461847.2547,52256.33,8.640266204
25025010500,1738.306188,1331542.54,187,0.048245614,343.535227,3876,339,0.0874613,49772,1757452087,2294323.873,32616.4,8.41496388
25025010600,7939.089027,9137891.47,80,0.022669311,2589.371343,3529,462,0.130915273,93415,3403655050,2957128.627,44994.33,12.74988099
25017324101,0,0,0,0,0,5567,928,0.166696605,133631,0,0,0,0
25021413500,0,0,0,0,0,4652,489,0.105116079,66000,0,0,0,0
25021404201,0,0,0,0,0,3944,735,0.186359026,250001,0,0,0,0
25021416300,0,0,0,0,0,5005,647,0.129270729,164837,0,0,0,0
25025081301,23986.84314,3669987,183,0.076441103,1532.993734,2394,75,0.031328321,20833,204190448,1334578.092,4748.32,1.98342523
25025010802,12283.45445,28043126.5,298,0.097449313,9170.41416,3058,899,0.293982995,132981,2570949125,1125141.849,7269161279,2377096.56
25025080100,2634.471655,1496379.9,376,0.129655172,515.993069,2900,203,0.07,42563,881139263,1551301.519,76475342.16,26370.80764
25017351500,0,0,0,0,0,2464,452,0.183441558,78380,0,0,0,0
25017383600,0,0,0,0,0,6341,908,0.14319508,101906,0,0,0,0
25017374100,0,0,0,0,0,4965,801,0.161329305,123429,0,0,0,0
25021420302,0,0,0,0,0,7889,1049,0.132969958,77688,0,0,0,0
25025070104,5213.224522,11333550.11,213,0.07442348,3960.010521,2862,915,0.319706499,154779,15933662158,7329191.425,1231356.3,430.2432914
25009206800,0,0,0,0,0,4425,355,0.080225989,30403,0,0,0,0
25017331102,0,0,0,0,0,7073,1010,0.14279655,150259,0,0,0,0
25025020200,4639.173991,8044327.7,374,0.09831756,2114.70234,3804,648,0.170347003,102642,1449898058,836158.0496,390048008.9,102536.2799
25017332402,0,0,0,0,0,2142,88,0.0410831,96667,0,0,0,0
25025180301,0,0,0,0,0,3169,416,0.131271695,108661,0,0,0,0
25009211402,0,0,0,0,0,6442,952,0.147780192,107875,0,0,0,0
25009217201,0,0,0,0,0,4237,543,0.128156715,104667,0,0,0,0
25021405100,0,0,0,0,0,5923,1068,0.18031403,250001,0,0,0,0
25017342402,0,0,0,0,0,3664,472,0.128820961,79344,0,0,0,0
25023500101,0,0,0,0,0,3617,930,0.25711916,123438,0,0,0,0
25023505202,0,0,0,0,0,4520,1093,0.241814159,112193,0,0,0,0
25017332100,0,0,0,0,0,6063,797,0.131453076,161250,0,0,0,0
25023500104,0,0,0,0,0,4224,972,0.230113636,107054,0,0,0,0
25017339200,0,0,0,0,0,5700,766,0.134385965,161200,0,0,0,0
25009204200,0,0,0,0,0,5236,972,0.185637892,62023,0,0,0,0
25009209200,0,0,0,0,0,5824,824,0.141483516,168845,0,0,0,0
25017382200,0,0,0,0,0,5375,846,0.157395349,132661,0,0,0,0
25021442105,0,0,0,0,0,1894,356,0.187961985,147981,0,0,0,0
25009217601,0,0,0,0,0,4732,633,0.133770076,110568,0,0,0,0
25017358700,0,0,0,0,0,5608,1034,0.184379458,234000,0,0,0,0
25017338200,0,0,0,0,0,4271,866,0.202762819,124125,0,0,0,0
25009210800,0,0,0,0,0,4951,582,0.11755201,60833,0,0,0,0
25009221800,0,0,0,0,0,1773,270,0.152284264,110250,0,0,0,0
25025082100,30850.26443,11846501.54,302,0.057810107,2267.707033,5224,172,0.032924962,26547,1361190037,3544765.721,10132.28,1.939563553
25021417400,0,0,0,0,0,2656,445,0.167545181,119345,0,0,0,0
25021401100,0,0,0,0,0,4827,630,0.130515848,226875,0,0,0,0
25021421100,0,0,0,0,0,5410,938,0.173382625,82875,0,0,0,0
25021443103,0,0,0,0,0,4562,839,0.183910566,104464,0,0,0,0
25025020304,289.5402299,25190,64,0.033578174,13.2161595,1906,35,0.018363064,185969,371442097,4269449.391,24535.08,12.87254984
25017335100,0,0,0,0,0,6259,928,0.148266496,97589,0,0,0,0
25025040600,8733.874437,15057199.53,582,0.158023351,4088.297456,3683,809,0.219657888,165556,1238999002,718260.291,113261.38,30.75247896
25021403501,0,0,0,0,0,2851,307,0.107681515,96477,0,0,0,0
25021417201,0,0,0,0,0,4456,526,0.118043088,80064,0,0,0,0
25027741102,0,0,0,0,0,5804,818,0.140937285,178636,0,0,0,0
25017353000,0,0,0,0,0,2968,333,0.112196765,123750,0,0,0,0
25025160501,0,0,0,0,0,6105,399,0.065356265,62342,0,0,0,0
25023507104,0,0,0,0,0,5967,1091,0.182838948,109563,0,0,0,0
25017363103,0,0,0,0,0,3617,474,0.13104783,126250,0,0,0,0
25017333300,0,0,0,0,0,4316,649,0.150370714,80736,0,0,0,0
25025140107,2715.893453,2202589.59,511,0.183945284,792.8688229,2778,308,0.11087113,87826,292679095,360442.2352,21052897.81,7578.436937
25025140102,8489.086437,11197105.01,977,0.197055264,2258.391491,4958,513,0.103469141,112927,903827140,683681.649,49587671.55,10001.54731
25025160300,0,0,0,0,0,2753,530,0.192517254,67813,0,0,0,0
25017351403,0,0,0,0,0,3943,372,0.094344408,82500,0,0,0,0
25017333602,0,0,0,0,0,7049,908,0.128812598,87899,0,0,0,0
25009222100,0,0,0,0,0,3675,583,0.158639456,116027,0,0,0,0
25017341301,0,0,0,0,0,4565,161,0.035268346,62840,0,0,0,0
25017330102,0,0,0,0,0,4925,789,0.160203046,116705,0,0,0,0
25017382500,0,0,0,0,0,5664,683,0.120586158,109735,0,0,0,0
25021402500,0,0,0,0,0,4293,583,0.135802469,145565,0,0,0,0
25017359303,0,0,0,0,0,7839,1136,0.144916443,159918,0,0,0,0
25021400100,0,0,0,0,0,5548,663,0.119502523,94785,0,0,0,0
25025120104,2685.942216,2315282.19,347,0.146228403,975.6772819,2373,345,0.145385588,112056,388895716,451155.123,26125.97,11.00967973
25017383700,0,0,0,0,0,5308,816,0.153730219,109063,0,0,0,0
25017383903,0,0,0,0,0,2665,439,0.164727955,127679,0,0,0,0
25023506104,0,0,0,0,0,4148,632,0.152362584,134675,0,0,0,0
25021404302,0,0,0,0,0,3825,754,0.197124183,164038,0,0,0,0
25017354200,0,0,0,0,0,3008,392,0.130319149,150804,0,0,0,0
25009203301,0,0,0,0,0,4098,852,0.207906296,107218,0,0,0,0
25023501101,0,0,0,0,0,3516,673,0.191410694,165865,0,0,0,0
25025091200,11119.71153,8484339.9,390,0.124203822,2702.019076,3140,327,0.104140127,71125,354178707,463584.695,24024417.86,7651.08849
25017334400,0,0,0,0,0,6681,1205,0.180362221,131301,0,0,0,0
25017331101,0,0,0,0,0,3311,478,0.144367261,136800,0,0,0,0
25017365202,0,0,0,0,0,5067,699,0.137951451,201823,0,0,0,0
25009211401,0,0,0,0,0,4261,485,0.113823046,99490,0,0,0,0
25017332300,0,0,0,0,0,6955,803,0.115456506,125500,0,0,0,0
25017332202,0,0,0,0,0,6640,539,0.081174699,113042,0,0,0,0
25009221400,0,0,0,0,0,3415,388,0.113616398,57039,0,0,0,0
25009221902,0,0,0,0,0,3661,802,0.219065829,86308,0,0,0,0
25025040300,3715.736709,10727331.88,757,0.167292818,2370.681078,4525,1203,0.265856354,155959,1710069033,592334.2684,101680.55,22.47083978
25017352500,0,0,0,0,0,3466,337,0.097230237,116010,0,0,0,0
25025170702,0,0,0,0,0,7995,464,0.058036273,51193,0,0,0,0
25025000302,4110.501969,3987186.91,420,0.13671875,1297.912406,3072,398,0.129557292,103234,504262526,519858.2742,14306.48,4.657057292
25025000604,1070.777266,595352.16,149,0.057506754,229.7769819,2591,186,0.071786955,54602,300639627,540718.7536,10471.65,4.041547665
25021422700,0,0,0,0,0,3804,706,0.185594111,96023,0,0,0,0
25017333502,0,0,0,0,0,3429,426,0.124234471,76033,0,0,0,0
25017373400,0,0,0,0,0,3319,387,0.116601386,128125,0,0,0,0
25017384003,0,0,0,0,0,5699,763,0.133883137,88125,0,0,0,0
25009204300,0,0,0,0,0,4076,592,0.145240432,34474,0,0,0,0
25021404400,0,0,0,0,0,6472,780,0.120519159,210893,0,0,0,0
25025180400,0,0,0,0,0,1928,238,0.123443983,103977,0,0,0,0
25009210700,0,0,0,0,0,4446,570,0.128205128,61964,0,0,0,0
25017341500,0,0,0,0,0,5353,620,0.115822903,90169,0,0,0,0
25009221300,0,0,0,0,0,4406,884,0.200635497,106167,0,0,0,0
25017366100,0,0,0,0,0,4952,815,0.164579968,164444,0,0,0,0
25017351204,0,0,0,0,0,4295,552,0.128521537,106417,0,0,0,0
25017373500,0,0,0,0,0,6237,776,0.124418791,222750,0,0,0,0
25021418201,0,0,0,0,0,6335,945,0.149171271,84712,0,0,0,0
25025081102,1072.694006,680088,187,0.059083728,214.8777251,3165,217,0.068562401,77034,368498377,581227.724,234267542.2,74018.18077
25017358600,0,0,0,0,0,6319,1031,0.163158728,171641,0,0,0,0
25017333400,0,0,0,0,0,6524,927,0.142090742,95238,0,0,0,0
25017368101,0,0,0,0,0,5782,632,0.109304739,118358,0,0,0,0
25021400900,0,0,0,0,0,4354,574,0.131832797,85400,0,0,0,0
25025051101,1442.098235,1495455.87,766,0.118575851,231.4947167,6460,442,0.068421053,61102,476546950,459543.8284,23957959.15,3708.662407
25009211100,0,0,0,0,0,4033,653,0.161914208,76520,0,0,0,0
25025081500,22233.52356,12361839.1,242,0.098815843,5047.708902,2449,217,0.088607595,63144,220951850,397395.4137,24087.24,9.835541037
25021402400,0,0,0,0,0,6341,900,0.141933449,95731,0,0,0,0
25009220101,0,0,0,0,0,4014,883,0.21998007,89583,0,0,0,0
25009223300,0,0,0,0,0,5889,944,0.160298862,129402,0,0,0,0
25025061201,6655.632022,7274605.8,317,0.157476403,3613.813115,2013,522,0.259314456,104261,1239517650,1134050.915,471211362.1,234084.1342
25025100500,4576.359146,6750129.74,835,0.126976886,1026.479583,6576,529,0.080444039,49644,606579931,411240.6312,24027758.61,3653.856236
25017322100,0,0,0,0,0,4651,809,0.173941088,143835,0,0,0,0
25021411200,0,0,0,0,0,7453,1028,0.137931034,140333,0,0,0,0
25025080900,9861.239632,4822146.18,287,0.065585009,1101.952966,4376,185,0.042276051,72208,623553979,1275161.511,58345493.43,13333.06523
25017339500,0,0,0,0,0,5662,411,0.072589191,95625,0,0,0,0
25017357100,0,0,0,0,0,5480,565,0.10310219,150000,0,0,0,0
25009217402,0,0,0,0,0,3409,688,0.201818715,74082,0,0,0,0
25017338500,0,0,0,0,0,5859,925,0.157876771,191000,0,0,0,0
25021413401,0,0,0,0,0,3554,466,0.131119865,91875,0,0,0,0
25021457200,0,0,0,0,0,5969,951,0.15932317,191414,0,0,0,0
25009216100,0,0,0,0,0,4979,610,0.122514561,154375,0,0,0,0
25017359100,0,0,0,0,0,6544,939,0.14349022,130504,0,0,0,0
25017350400,0,0,0,0,0,5901,633,0.107269954,133262,0,0,0,0
25025140300,1868.583032,2711313.98,1042,0.152272395,396.2171533,6843,531,0.077597545,80696,691372447,476151.823,55901267.54,8169.116987
25017363106,0,0,0,0,0,3330,574,0.172372372,93750,0,0,0,0
25021442203,0,0,0,0,0,4249,578,0.136032008,91584,0,0,0,0
25017354602,0,0,0,0,0,4185,374,0.089366786,98630,0,0,0,0
25017334300,0,0,0,0,0,7768,985,0.126802266,155833,0,0,0,0
25017353800,0,0,0,0,0,4177,562,0.134546325,93229,0,0,0,0
25021442103,0,0,0,0,0,7009,881,0.125695534,166412,0,0,0,0
25009217102,0,0,0,0,0,3029,378,0.124793661,74088,0,0,0,0
25009206200,0,0,0,0,0,5879,422,0.071780915,76434,0,0,0,0
25021418004,0,0,0,0,0,5043,623,0.123537577,75081,0,0,0,0
25017339400,0,0,0,0,0,3479,342,0.09830411,101774,0,0,0,0
25017331200,0,0,0,0,0,5488,711,0.129555394,143250,0,0,0,0
25017350108,0,0,0,0,0,4174,342,0.081935793,64750,0,0,0,0
25017373902,0,0,0,0,0,3876,756,0.19504644,162555,0,0,0,0
25025091600,2518.509989,2191103.69,361,0.1128125,684.7199031,3200,314,0.098125,71111,370868941,426286.1391,9035781.58,2823.681744
25021422402,0,0,0,0,0,3889,566,0.145538699,105796,0,0,0,0
25017341800,0,0,0,0,0,7075,684,0.096678445,49263,0,0,0,0
25017382601,0,0,0,0,0,4794,1113,0.232165207,105709,0,0,0,0
25025170400,0,0,0,0,0,5761,605,0.10501649,75787,0,0,0,0
25009221500,0,0,0,0,0,3117,427,0.136990696,66875,0,0,0,0
25021413100,0,0,0,0,0,6494,822,0.12657838,104760,0,0,0,0
25009204101,0,0,0,0,0,4664,768,0.164665523,83333,0,0,0,0
25009210401,0,0,0,0,0,3235,307,0.094899536,54122,0,0,0,0
25021417703,0,0,0,0,0,3004,250,0.08322237,41717,0,0,0,0
25017351300,0,0,0,0,0,4406,406,0.092147072,101975,0,0,0,0
25025050400,55895.67362,30574933.47,297,0.125210793,12889.93823,2372,228,0.096121417,86118,308634953,564232.0896,34556.33,14.56843592
25017342401,0,0,0,0,0,4604,347,0.075369244,54375,0,0,0,0
25017351001,0,0,0,0,0,4083,441,0.108008817,125481,0,0,0,0
25025082000,2597.553854,1348130.45,408,0.127699531,421.9500626,3195,215,0.067292645,69041,253525600,488488.632,14020.8,4.388356808
25021417801,0,0,0,0,0,5518,978,0.17723813,98005,0,0,0,0
25009204400,0,0,0,0,0,3489,895,0.256520493,75893,0,0,0,0
25021423101,0,0,0,0,0,3849,621,0.161340608,143173,0,0,0,0
25025120301,4799.758389,7386828.16,632,0.1234375,1442.739875,5120,586,0.114453125,109079,723744635,470269.4185,93457.93,18.25350195
25025091700,3462.580695,2590010.36,371,0.11582891,808.6201561,3203,196,0.061192632,56772,260049712,347660.0428,7926023.82,2474.562541
25017356400,0,0,0,0,0,8136,1131,0.139011799,164295,0,0,0,0
25025051200,16535.91157,14601209.92,371,0.107411697,4227.333503,3454,372,0.107701216,103482,407824565,461862.4745,82975.25,24.02294441
25009206900,0,0,0,0,0,4995,462,0.092492492,17909,0,0,0,0
25017342201,0,0,0,0,0,6274,578,0.092126235,69734,0,0,0,0
25023505103,0,0,0,0,0,2636,548,0.207890744,188125,0,0,0,0
25021408102,0,0,0,0,0,4932,670,0.135847526,99907,0,0,0,0
25017339600,0,0,0,0,0,5454,463,0.084891823,120693,0,0,0,0
25025110105,3081.954444,2496383.1,267,0.125943396,1177.539198,2120,305,0.143867925,106959,356510659,439593.9075,23394.74,11.03525472
25025120201,3146.501893,4121917.48,432,0.099082569,945.3939174,4360,526,0.120642202,91200,611362069,466688.6023,314135.43,72.04941055
25021417704,0,0,0,0,0,3689,475,0.128761182,94803,0,0,0,0
25017382100,0,0,0,0,0,5146,894,0.173727167,138318,0,0,0,0
25025110501,4152.840762,4252508.94,744,0.225317989,1287.858552,3302,460,0.139309509,116731,468224114,456358.7856,26949.68,8.161623259
25025080300,15730.95361,6103610,211,0.094364937,2729.700358,2236,132,0.059033989,41211,366963621,945782.5284,124220355.8,55554.72082
25025060400,2893.686339,7144511.57,830,0.159769009,1375.266905,5195,1111,0.21385948,147401,1357450440,549575.0769,66230846.91,12748.95994
25017374000,0,0,0,0,0,4808,834,0.173460899,160380,0,0,0,0
25017370301,0,0,0,0,0,4531,515,0.113661443,99219,0,0,0,0
25017351203,0,0,0,0,0,4631,495,0.106888361,139896,0,0,0,0
25025020101,11095.17499,29735068.96,657,0.155135773,7021.267759,4235,1059,0.250059032,158278,5009394728,1867087.114,290171777.8,68517.53904
25017373100,0,0,0,0,0,5113,710,0.138861725,133945,0,0,0,0
25017342302,0,0,0,0,0,4548,349,0.076737027,87688,0,0,0,0
25017382602,0,0,0,0,0,4770,881,0.184696017,98898,0,0,0,0
25017350701,0,0,0,0,0,3000,370,0.123333333,107132,0,0,0,0
25025101001,9573.059597,10224027.65,972,0.173726542,1827.350786,5595,371,0.066309205,81218,521385120,488188.3146,37457388.48,6694.796869
25025080601,3522.264475,771375.92,115,0.02430262,163.0126627,4732,68,0.014370245,14590,151892279,693572.0502,167832.53,35.46756762
25017358500,0,0,0,0,0,5580,938,0.168100358,238906,0,0,0,0
25023502102,0,0,0,0,0,5644,879,0.155740609,96369,0,0,0,0
25021420101,0,0,0,0,0,4698,611,0.130055343,109221,0,0,0,0
25017368800,0,0,0,0,0,6169,579,0.093856379,102008,0,0,0,0
25021417300,0,0,0,0,0,3660,885,0.241803279,111420,0,0,0,0
25017330101,0,0,0,0,0,3811,571,0.149829441,162292,0,0,0,0
25021404100,0,0,0,0,0,4456,662,0.148563734,250001,0,0,0,0
25025100601,1428.962276,2567845.21,763,0.142830401,480.6898559,5342,695,0.130101086,99207,629144561,349913.5489,81618793.39,15278.69588
25017332401,0,0,0,0,0,2466,364,0.147607461,128125,0,0,0,0
25025100300,19972.10474,16696679.56,549,0.146909286,4467.93673,3737,315,0.084292213,65417,289785194,346633.0072,130456.31,34.90936848
25009206600,0,0,0,0,0,5116,651,0.12724785,65436,0,0,0,0
25017356300,0,0,0,0,0,5332,707,0.132595649,94476,0,0,0,0
25025080401,786.1,204386,118,0.034797995,60.27307579,3391,90,0.026540843,22212,395939629,1522844.727,10033.2,2.958773223
25017361100,0,0,0,0,0,5726,983,0.17167307,168302,0,0,0,0
25017321302,0,0,0,0,0,3656,548,0.149890591,113036,0,0,0,0
25025000805,355.0985577,147721,238,0.051559792,32.00194974,4616,135,0.029246101,45735,315625996,758716.3365,72066.87,15.61240685
25025160602,0,0,0,0,0,5493,415,0.075550701,57222,0,0,0,0
25017350109,0,0,0,0,0,2176,178,0.081801471,80761,0,0,0,0
25025030200,11867.37687,5981157.94,181,0.099724518,3295.403824,1815,209,0.115151515,110063,425827366,844895.5675,10119.25,5.575344353
25021417100,0,0,0,0,0,6010,759,0.126289517,91582,0,0,0,0
25021422600,0,0,0,0,0,6779,1110,0.163740965,131115,0,0,0,0
25009220102,0,0,0,0,0,2978,490,0.16453996,87563,0,0,0,0
25021417901,0,0,0,0,0,8127,820,0.10089824,52224,0,0,0,0
25025170601,0,0,0,0,0,6247,611,0.097806947,76741,0,0,0,0
25025090400,5544.089671,4884343,460,0.112167764,1191.01268,4101,266,0.064862229,54670,753040984,854757.076,11302881.91,2756.128239
25021419800,0,0,0,0,0,4716,671,0.142281595,86588,0,0,0,0
25009217300,0,0,0,0,0,5281,818,0.154894906,85272,0,0,0,0
25017354700,0,0,0,0,0,2859,385,0.134662469,151389,0,0,0,0
25017334100,0,0,0,0,0,6999,830,0.11858837,148673,0,0,0,0
25017357700,0,0,0,0,0,4139,485,0.117178062,89881,0,0,0,0
25017351101,0,0,0,0,0,3775,418,0.110728477,102583,0,0,0,0
25017383502,0,0,0,0,0,3932,529,0.134537131,82366,0,0,0,0
25017339700,0,0,0,0,0,3916,381,0.097293156,75880,0,0,0,0
25021400800,0,0,0,0,0,6077,678,0.111568208,113086,0,0,0,0
25017354800,0,0,0,0,0,2323,250,0.107619458,139250,0,0,0,0
25017321500,0,0,0,0,0,7791,1059,0.135926069,70399,0,0,0,0
25017383300,0,0,0,0,0,3191,383,0.120025071,90030,0,0,0,0
25021400401,0,0,0,0,0,3890,475,0.122107969,100048,0,0,0,0
25009204600,0,0,0,0,0,5369,1016,0.189234494,88325,0,0,0,0
25017341400,0,0,0,0,0,6747,787,0.116644435,77013,0,0,0,0
25025000704,111.2554635,147636,187,0.035203313,27.79292169,5312,444,0.083584337,66315,966715380,728496.8953,27166.76,5.114224398
25025110403,2109.888722,2972833.21,870,0.196078431,670.0097386,4437,542,0.122154609,111328,541648611,384420.5898,63031936.01,14205.98062
25017370401,0,0,0,0,0,3531,341,0.096573209,97685,0,0,0,0
25017368400,0,0,0,0,0,8606,595,0.069137811,99174,0,0,0,0
25017354901,0,0,0,0,0,2876,26,0.009040334,146849,0,0,0,0
25027744300,0,0,0,0,0,4450,533,0.119775281,61966,0,0,0,0
25025050901,11766.54635,10142762.95,479,0.112918435,2391.033227,4242,333,0.078500707,80809,439061380,509351.949,47936.74,11.30050448
25023506102,0,0,0,0,0,6324,980,0.154965212,100388,0,0,0,0
25009215101,0,0,0,0,0,4622,692,0.149718736,121179,0,0,0,0
25025160400,0,0,0,0,0,3878,288,0.074265085,69345,0,0,0,0
25025110601,2075.79925,1604592.82,719,0.272451686,608.0306252,2639,299,0.113300493,134464,389766450,504225.6792,16933.74,6.416726033
25025100700,5307.221333,7127598.25,831,0.191828255,1645.336623,4332,520,0.120036934,125094,568822342,423546.0477,9491686.09,2191.063271
25017356500,0,0,0,0,0,7067,1200,0.169803311,128229,0,0,0,0
25021412200,0,0,0,0,0,3899,475,0.121826109,155577,0,0,0,0
25017359400,0,0,0,0,0,6754,667,0.098756293,94167,0,0,0,0
25021415101,0,0,0,0,0,4774,836,0.175115207,135729,0,0,0,0
25025090300,15438.99081,8398811,354,0.093280632,2213.125428,3795,197,0.051910408,33824,467956664,860214.4559,160623036.8,42324.91089
25017324102,0,0,0,0,0,4574,624,0.136423262,147847,0,0,0,0
25017387201,0,0,0,0,0,6231,1002,0.160808859,141637,0,0,0,0
25025170502,0,0,0,0,0,3407,528,0.154975051,54688,0,0,0,0
25021403100,0,0,0,0,0,7599,1270,0.167127254,184931,0,0,0,0
25017374700,0,0,0,0,0,4602,586,0.127335941,145859,0,0,0,0
25017357600,0,0,0,0,0,2665,321,0.120450281,150000,0,0,0,0
25025140201,4346.068121,2220840.81,351,0.151882302,960.9869364,2311,193,0.08351363,100179,261626930,511990.0783,13606.45,5.887689312
25017335301,0,0,0,0,0,4124,741,0.179679922,103200,0,0,0,0
25021406101,0,0,0,0,0,6081,865,0.142246341,169861,0,0,0,0
25025060604,577682.54,213164857.3,97,0.03460578,76048.82528,2803,224,0.079914377,214150,4102235518,11117169.43,617684.78,220.3656011
25025160200,0,0,0,0,0,4154,269,0.064756861,64492,0,0,0,0
25009202200,0,0,0,0,0,6188,1133,0.183096315,152589,0,0,0,0
25025091001,4932.895594,5149943,466,0.143164363,1582.163748,3255,422,0.129646697,90893,1438487605,1375227.156,1111640959,341517.9599
25017365201,0,0,0,0,0,5949,996,0.167423096,216273,0,0,0,0
25017367200,0,0,0,0,0,6990,1005,0.143776824,198523,0,0,0,0
25009212102,0,0,0,0,0,4732,644,0.136094675,137500,0,0,0,0
25021415300,0,0,0,0,0,4254,611,0.143629525,134020,0,0,0,0
25025081700,4971.656515,3067512.07,348,0.084037672,740.7660155,4141,226,0.054576189,30349,284763072,461528.4797,1067172663,257708.926
25025000401,11637.97809,19656545,376,0.06424056,3358.370921,5853,566,0.096702546,77683,648602055,384015.4263,33809.84,5.776497523
25025000603,16012.25225,1777360,28,0.015936255,1011.587934,1757,45,0.025611838,21481,363471029,3274513.775,425002641.2,241891.0877
25017339102,0,0,0,0,0,3442,571,0.165891923,141250,0,0,0,0
25025090600,3805.09799,1514429,338,0.137959184,618.1342857,2450,146,0.059591837,45526,242797262,610043.3719,104107662.1,42492.92331
25017338400,0,0,0,0,0,6167,923,0.149667586,250001,0,0,0,0
25017383101,0,0,0,0,0,4149,404,0.097372861,57538,0,0,0,0
25025050200,15219.73691,17533136.92,536,0.103136425,3373.703467,5197,455,0.08755051,71402,516460578,448316.474,40432.54,7.77997691
25025061000,5811.807713,4370479.4,189,0.078228477,1808.973262,2416,345,0.142798013,72985,357818735,475822.7859,28728.19,11.89080712
25025000102,22135.78901,10071784,306,0.082390953,2711.842757,3714,177,0.047657512,105444,734812810,1614973.209,43527452.12,11719.83094
25017368902,0,0,0,0,0,3691,254,0.068816039,65227,0,0,0,0
25021400500,0,0,0,0,0,5558,620,0.111550918,115978,0,0,0,0
25017321301,0,0,0,0,0,4351,548,0.125948058,57721,0,0,0,0
25017383200,0,0,0,0,0,6591,742,0.112577758,77928,0,0,0,0
25017363104,0,0,0,0,0,6259,1121,0.179102093,144825,0,0,0,0
25017354100,0,0,0,0,0,2889,353,0.122187608,120688,0,0,0,0
25021418002,0,0,0,0,0,7444,854,0.114723267,88253,0,0,0,0
25025100900,4781.596767,5250193.25,801,0.193105111,1265.716791,4148,436,0.105110897,95375,545559016,496866.1348,137141.65,33.06211427
25025070402,30.85106383,2900,29,0.00814378,0.814377984,3561,40,0.0112328,64750,948019393,10085312.69,13786.59,3.871550126
25009202104,0,0,0,0,0,4941,819,0.16575592,75882,0,0,0,0
25021422501,0,0,0,0,0,4847,704,0.145244481,70259,0,0,0,0
25025010801,8403.636483,17798902.07,221,0.077380952,6232.108568,2856,834,0.292016807,119125,2650776223,1249776.626,54550.77,19.10040966
25021442201,0,0,0,0,0,4362,532,0.121962403,141765,0,0,0,0
25017335302,0,0,0,0,0,5309,705,0.13279337,112422,0,0,0,0
25025050101,12150.23658,11044565.05,448,0.091112467,2246.199929,4917,317,0.064470205,67632,364789601,401308.692,24559.07,4.994726459
25025090200,1775.639665,635679,197,0.081674959,263.5485075,2412,113,0.046849088,39773,138482970,386823.9385,7529165.32,3121.544494
25023504101,0,0,0,0,0,5618,790,0.140619438,155908,0,0,0,0
25025140202,1589.350443,2118604.14,1093,0.187671703,363.7713152,5824,498,0.085508242,110179,547363431,410317.4145,25887.29,4.444933036
25017370402,0,0,0,0,0,1520,220,0.144736842,114693,0,0,0,0
25021400700,0,0,0,0,0,3986,608,0.152533869,144375,0,0,0,0
25025030500,2120.749643,2973291,158,0.058195212,1095.134807,2715,544,0.200368324,114107,1257018910,896589.8074,53967002.15,19877.34886
25025170302,0,0,0,0,0,4051,244,0.060232041,93125,0,0,0,0
25017370403,0,0,0,0,0,2070,307,0.148309179,108547,0,0,0,0
25025140105,2886.71048,2828976.27,831,0.231347439,787.5769126,3592,373,0.103841871,91488,365826153,373291.9929,31501.33,8.769858018
25021416400,0,0,0,0,0,6454,904,0.140068175,178007,0,0,0,0
25021415202,0,0,0,0,0,3263,346,0.106037389,73839,0,0,0,0
25009211201,0,0,0,0,0,2605,529,0.203071017,119954,0,0,0,0
25017351002,0,0,0,0,0,3037,331,0.108989134,128107,0,0,0,0
25025070301,9482.835209,19259638.31,316,0.142792589,8702.954501,2213,747,0.337550836,203264,1877731660,924535.5293,52385.56,23.67173972
25025050600,6225.689495,6406234.49,231,0.111378978,3088.830516,2074,414,0.199614272,69167,451435235,437861.5276,102364.21,49.35593539
25023506103,0,0,0,0,0,2783,528,0.18972332,107675,0,0,0,0
25017356704,0,0,0,0,0,3890,489,0.125706941,149617,0,0,0,0
25017368300,0,0,0,0,0,5763,818,0.141939962,75969,0,0,0,0
25017368500,0,0,0,0,0,3419,324,0.094764551,73708,0,0,0,0
25017353300,0,0,0,0,0,3723,469,0.125973677,145526,0,0,0,0
25021412300,0,0,0,0,0,5660,656,0.11590106,165270,0,0,0,0
25009208302,0,0,0,0,0,4985,788,0.158074223,96575,0,0,0,0
25017356601,0,0,0,0,0,4783,690,0.144260924,118393,0,0,0,0
25023505104,0,0,0,0,0,4027,736,0.182766327,125833,0,0,0,0
25025060501,1929.938586,4765018.37,590,0.124656666,1006.764921,4733,1185,0.250369744,145052,1424331671,576886.0555,151774.23,32.06723643
25025091100,4451.650973,6494958.77,646,0.131407648,1321.187707,4916,624,0.126932465,108079,651764083,446719.7279,60801954.07,12368.17617
25021415201,0,0,0,0,0,4020,434,0.107960199,121995,0,0,0,0
25017356602,0,0,0,0,0,4284,662,0.154528478,127539,0,0,0,0
25017356701,0,0,0,0,0,6275,825,0.131474104,107663,0,0,0,0
25025170800,0,0,0,0,0,5773,526,0.091113806,60124,0,0,0,0
25021402101,0,0,0,0,0,3593,575,0.160033398,125781,0,0,0,0
25021422100,0,0,0,0,0,5354,882,0.164736645,117656,0,0,0,0
25023503101,0,0,0,0,0,7405,1143,0.154355165,145117,0,0,0,0
25021411102,0,0,0,0,0,4670,919,0.196788009,135195,0,0,0,0
25009203200,0,0,0,0,0,4668,840,0.179948586,159750,0,0,0,0
25017358100,0,0,0,0,0,5282,729,0.138015903,217574,0,0,0,0
25025092101,3250.622756,6582511.08,888,0.128305158,951.0924837,6921,738,0.10663199,53102,799589182,394858.8553,172937759.5,24987.39481
25017321600,0,0,0,0,0,7615,983,0.129087328,107292,0,0,0,0
25025170701,0,0,0,0,0,2702,337,0.124722428,73125,0,0,0,0
25009205200,0,0,0,0,0,5925,931,0.157130802,80820,0,0,0,0
25021422301,0,0,0,0,0,3432,483,0.140734266,129310,0,0,0,0
25017368102,0,0,0,0,0,4718,900,0.190758796,153727,0,0,0,0
25025050500,5145.44683,2305160.18,146,0.067157314,1060.33127,2174,163,0.074977001,97892,259431675,579088.5603,21870.36,10.0599632
25025040401,8643.152489,9792691.77,326,0.11156742,3351.366109,2922,484,0.165639973,110964,771147572,680624.5119,36350.54,12.44029432
25023502101,0,0,0,0,0,6196,954,0.153970303,92264,0,0,0,0
25025070600,25028.45043,38468728.31,421,0.184083953,16820.60704,2287,641,0.280279843,206667,1689043201,1097493.958,77755.57,33.99893747
25017352800,0,0,0,0,0,1892,155,0.08192389,115924,0,0,0,0
25021411302,0,0,0,0,0,3523,668,0.189611127,110308,0,0,0,0
25017373700,0,0,0,0,0,3854,526,0.136481578,238173,0,0,0,0
25017337201,0,0,0,0,0,3370,519,0.154005935,87951,0,0,0,0
25025050300,64382.46393,18027089.9,113,0.034683855,5533.176765,3258,119,0.036525476,54811,149738062,534778.7929,133644.22,41.02032535
25021419400,0,0,0,0,0,3211,443,0.137963251,100321,0,0,0,0
25017362100,0,0,0,0,0,5237,773,0.14760359,216000,0,0,0,0
25017361300,0,0,0,0,0,6506,1168,0.179526591,192083,0,0,0,0
25021409101,0,0,0,0,0,5885,780,0.132540357,153500,0,0,0,0
25021415103,0,0,0,0,0,4749,904,0.190355864,98514,0,0,0,0
25021407101,0,0,0,0,0,4419,776,0.175605341,142854,0,0,0,0
25017383902,0,0,0,0,0,5466,913,0.167032565,179875,0,0,0,0
25021456301,0,0,0,0,0,2017,248,0.122954883,78500,0,0,0,0
25021456101,0,0,0,0,0,4115,504,0.122478736,117095,0,0,0,0
25025110607,3513.982397,5629399.8,1042,0.197498105,1066.982525,5276,704,0.13343442,137821,734993028,458510.9345,57327.49,10.86571077
25025050700,6847.594507,6457281.62,450,0.099557522,1428.602128,4520,356,0.078761062,65667,392323891,416038.0604,82384111.2,18226.57327
25021422401,0,0,0,0,0,3573,359,0.100475791,44702,0,0,0,0
25021414300,0,0,0,0,0,5164,874,0.169248644,148838,0,0,0,0
25025000101,6510.280936,1946574,241,0.128464819,1037.619403,1876,108,0.057569296,123333,1642345211,5492793.348,67251.7,35.84845416
25021400300,0,0,0,0,0,4310,399,0.092575406,131288,0,0,0,0
25017351102,0,0,0,0,0,1972,281,0.142494929,100536,0,0,0,0
25025061203,0.333086053,449,143,0.053239017,0.167163068,2686,708,0.26358898,246750,1322304546,980938.0905,34648.38,12.89962025
25025010702,18279.13017,34675509.93,329,0.141323024,14894.97849,2328,775,0.33290378,141250,4909730710,2586791.733,3150058566,1353117.941
25017351404,0,0,0,0,0,3996,456,0.114114114,84337,0,0,0,0
25025100800,1280.741478,2313019.11,927,0.16007598,399.416182,5791,773,0.133482991,88984,1172423393,649182.3882,54568637.92,9423.007757
25017373800,0,0,0,0,0,6066,727,0.119848335,164023,0,0,0,0
25025040801,1260.532706,2156771.46,43,0.010654113,534.3834143,4036,653,0.161793855,100446,1300288784,759958.3776,115888.62,28.71373142
25009204500,0,0,0,0,0,3537,733,0.207237772,96029,0,0,0,0
25025160601,0,0,0,0,0,4331,374,0.086354191,77407,0,0,0,0
25017357200,0,0,0,0,0,3243,453,0.139685476,180208,0,0,0,0
25025000506,1445.234665,1400432.39,128,0.044214162,483.7417582,2895,336,0.116062176,67024,408356544,421420.582,43016746.94,14858.97994
25017341700,0,0,0,0,0,5607,755,0.134653112,74684,0,0,0,0
25017333100,0,0,0,0,0,7687,971,0.126317159,102865,0,0,0,0
25021422800,0,0,0,0,0,3757,966,0.257120043,100833,0,0,0,0
25021421200,0,0,0,0,0,5995,1105,0.184320267,93938,0,0,0,0
25025030100,14350.58507,8825609.82,212,0.100236407,4172.865163,2115,250,0.11820331,101667,447299690,727316.5691,27500.84,13.00276123
25017337300,0,0,0,0,0,6130,935,0.152528548,93504,0,0,0,0
25021456302,0,0,0,0,0,5537,1004,0.181325628,78201,0,0,0,0
25025070202,552650.7597,213875844,180,0.032967033,39171.4,5460,146,0.026739927,46090,699361860,1807136.589,10555.5,1.933241758
25021422304,0,0,0,0,0,2167,322,0.148592524,135080,0,0,0,0
25021418102,0,0,0,0,0,3550,429,0.12084507,85232,0,0,0,0
25017383800,0,0,0,0,0,6356,1058,0.166456891,146000,0,0,0,0
25017368901,0,0,0,0,0,5973,1096,0.183492382,116694,0,0,0,0
25017374400,0,0,0,0,0,5955,824,0.138371117,235500,0,0,0,0
25017356100,0,0,0,0,0,3330,433,0.13003003,137727,0,0,0,0
25009214100,0,0,0,0,0,6569,1058,0.161059522,155208,0,0,0,0
25025010205,1511.498994,961313.36,75,0.015287403,195.9464656,4906,186,0.03791276,58702,659531052,1036998.509,20511.68,4.180937627
25025160102,0,0,0,0,0,3823,397,0.103845148,60795,0,0,0,0
25017354902,0,0,0,0,0,5616,426,0.075854701,66563,0,0,0,0
25017335200,0,0,0,0,0,6273,1005,0.160210426,107917,0,0,0,0
25025081900,14398.28899,6277654,327,0.089076546,1710.066467,3671,178,0.04848815,60183,320200557,732724.3867,33224.62,9.050563879
25021400402,0,0,0,0,0,2045,318,0.155501222,250001,0,0,0,0
25021422303,0,0,0,0,0,5007,964,0.192530457,78799,0,0,0,0
25021441202,0,0,0,0,0,3021,508,0.16815624,168125,0,0,0,0
25017370101,0,0,0,0,0,6807,975,0.143234905,108705,0,0,0,0
25025090700,3614.672562,4796670.49,613,0.131179114,1026.464903,4673,565,0.12090734,75972,814106719,613494.1364,212556212.3,45486.02874
25009217202,0,0,0,0,0,3586,611,0.17038483,113313,0,0,0,0
25025100100,1336.902162,1137703.74,565,0.098741699,198.8297344,5722,323,0.056448794,36471,300731011,353385.4418,18253175.66,3189.999242
25025110201,2084.713722,840139.63,274,0.131037781,401.7884409,2091,141,0.067431851,67895,129620968,321640.1191,33216.33,15.8853802
25017342301,0,0,0,0,0,3242,226,0.069710056,73194,0,0,0,0
25017368600,0,0,0,0,0,5856,710,0.121243169,118947,0,0,0,0
25017364102,0,0,0,0,0,5115,997,0.194916911,108208,0,0,0,0
25017350600,0,0,0,0,0,4788,269,0.056182122,155849,0,0,0,0
25025030400,6060.083905,9435550.64,346,0.083173077,2268.161212,4160,641,0.154086538,104514,1250549924,803179.1419,32325.31,7.770507212
25009210900,0,0,0,0,0,4064,463,0.113927165,83850,0,0,0,0
25017374600,0,0,0,0,0,5285,684,0.129422895,150500,0,0,0,0
25025170101,0,0,0,0,0,4023,345,0.085756898,80508,0,0,0,0
25009205100,0,0,0,0,0,6128,1027,0.167591384,83642,0,0,0,0
25009202101,0,0,0,0,0,2255,412,0.1827051,104091,0,0,0,0
25025180200,0,0,0,0,0,4326,504,0.116504854,77049,0,0,0,0
25017374500,0,0,0,0,0,4586,497,0.10837331,135486,0,0,0,0
25021402300,0,0,0,0,0,4518,782,0.173085436,148681,0,0,0,0
25017388100,0,0,0,0,0,5506,1024,0.185978932,136875,0,0,0,0
25021400202,0,0,0,0,0,3625,197,0.054344828,90735,0,0,0,0
25021400600,0,0,0,0,0,5492,900,0.163874727,147861,0,0,0,0
25025160103,0,0,0,0,0,4646,232,0.049935428,60750,0,0,0,0
25009217401,0,0,0,0,0,2423,334,0.137845646,58231,0,0,0,0
25009217500,0,0,0,0,0,6420,915,0.142523364,95132,0,0,0,0
25009206400,0,0,0,0,0,6060,910,0.150165017,80875,0,0,0,0
25017370103,0,0,0,0,0,3544,497,0.14023702,84438,0,0,0,0
25017339101,0,0,0,0,0,3267,506,0.154882155,75759,0,0,0,0
25025100400,2284.755983,2195650.5,758,0.149565904,433.2380624,5068,319,0.062943962,94352,399136540,415334.589,13628440.13,2689.116048
25017321200,0,0,0,0,0,6923,864,0.124801387,87973,0,0,0,0
25025130402,2689.388902,4483211.3,1097,0.226981171,927.6249328,4833,723,0.149596524,99708,724375289,434277.7512,132009.74,27.31424374
25017336402,0,0,0,0,0,4764,679,0.142527288,101148,0,0,0,0
25025010206,3736.656051,1759965,50,0.023212628,817.0682451,2154,185,0.085886722,65625,212736534,451669.9236,8349.34,3.876202414
25021419700,0,0,0,0,0,4716,921,0.195292621,143487,0,0,0,0
25017335400,0,0,0,0,0,5125,742,0.144780488,145625,0,0,0,0
25021407102,0,0,0,0,0,4041,583,0.14427122,116324,0,0,0,0
25017352700,0,0,0,0,0,2009,161,0.080139373,58125,0,0,0,0
25023502200,0,0,0,0,0,5963,891,0.149421432,80560,0,0,0,0
25017374200,0,0,0,0,0,4311,564,0.130828114,214367,0,0,0,0
25017352200,0,0,0,0,0,1999,187,0.093546773,70119,0,0,0,0
25009204702,0,0,0,0,0,6208,968,0.155927835,74389,0,0,0,0
25021404202,0,0,0,0,0,5040,537,0.106547619,176250,0,0,0,0
25025000301,3803.805238,2795796.85,378,0.120535714,891.5168527,3136,329,0.104910714,125828,403416062,548865.3905,93014278.36,29660.16529
25017374800,0,0,0,0,0,5025,437,0.086965174,134107,0,0,0,0
25009217101,0,0,0,0,0,4797,572,0.119241192,105625,0,0,0,0
25025060301,4178.704967,6890684.49,574,0.159046827,1909.305761,3609,791,0.219174287,161097,938220321,568963.2025,43575.7,12.07417567
25009218100,0,0,0,0,0,5395,708,0.131232623,193279,0,0,0,0
25017350900,0,0,0,0,0,3531,349,0.098838856,184786,0,0,0,0
25021415104,0,0,0,0,0,3310,490,0.148036254,113644,0,0,0,0
25017322400,0,0,0,0,0,4698,693,0.147509579,101722,0,0,0,0
25017339802,0,0,0,0,0,5485,610,0.111212397,153117,0,0,0,0
25025010701,12891.54166,20922972.12,296,0.116397955,8227.672875,2543,661,0.259929217,130417,2985304756,1839374.465,3070769369,1207538.092
25017354000,0,0,0,0,0,4918,548,0.11142741,91455,0,0,0,0
25025000402,1973.911624,1774546.55,423,0.116081229,486.9776482,3644,335,0.091931943,101583,737723303,820604.3415,24140.46,6.624714599
25025080500,3239.516245,897346,105,0.031934307,272.9154501,3288,101,0.030717762,39625,308893416,1115138.686,33571.54,10.21032238
25017320106,0,0,0,0,0,6392,968,0.151439299,171696,0,0,0,0
25025090100,5164.877974,4028604.82,519,0.100367434,779.0765461,5171,275,0.053181203,33652,325099581,416794.3346,67355.33,13.02559079
25023501102,0,0,0,0,0,9185,1736,0.189003811,189276,0,0,0,0
25017353700,0,0,0,0,0,5593,288,0.051492938,92969,0,0,0,0
25017383401,0,0,0,0,0,2499,252,0.100840336,-666666666,0,0,0,0
25009221600,0,0,0,0,0,2641,300,0.113593336,48100,0,0,0,0
25009208102,0,0,0,0,0,3542,486,0.137210615,106250,0,0,0,0
25021402102,0,0,0,0,0,4402,792,0.179918219,75536,0,0,0,0
25023500103,0,0,0,0,0,2231,614,0.275212909,123393,0,0,0,0
25017338100,0,0,0,0,0,3204,513,0.16011236,181000,0,0,0,0
25009207000,0,0,0,0,0,2289,157,0.068588903,25491,0,0,0,0
25025060800,2059.911703,6241532.46,670,0.137888454,1284.530245,4859,1295,0.266515744,148750,1467586106,484351.8502,204768377.2,42142.08215
25017386100,0,0,0,0,0,4401,760,0.172688025,218906,0,0,0,0
25021409102,0,0,0,0,0,5777,1007,0.174311927,173393,0,0,0,0
25017350201,0,0,0,0,0,2699,261,0.096702482,110873,0,0,0,0
25009212101,0,0,0,0,0,5047,695,0.137705568,172826,0,0,0,0
25021404301,0,0,0,0,0,5813,1155,0.198692586,250001,0,0,0,0
25023501201,0,0,0,0,0,3881,590,0.152022675,203125,0,0,0,0
25017361200,0,0,0,0,0,6259,909,0.145230868,159287,0,0,0,0
25025071101,7518.969441,13045411.98,230,0.055947458,3173.294084,4111,777,0.189005108,81073,1252055581,720814.9574,56122.97,13.65190221
25017342501,0,0,0,0,0,4740,373,0.078691983,74234,0,0,0,0
25017352600,0,0,0,0,0,2817,297,0.10543131,130375,0,0,0,0
25017357800,0,0,0,0,0,4024,555,0.137922465,185179,0,0,0,0
25017350107,0,0,0,0,0,1355,122,0.0900369,102946,0,0,0,0
25017353101,0,0,0,0,0,3641,166,0.04559187,112963,0,0,0,0
25017321100,0,0,0,0,0,7218,1009,0.139789415,80203,0,0,0,0
25023505201,0,0,0,0,0,2563,485,0.189231369,96250,0,0,0,0
25021442204,0,0,0,0,0,4385,655,0.149372862,84583,0,0,0,0
25021403502,0,0,0,0,0,4280,748,0.174766355,226181,0,0,0,0
25021419100,0,0,0,0,0,6329,826,0.130510349,111396,0,0,0,0
25017339900,0,0,0,0,0,5327,698,0.131030599,96296,0,0,0,0
25021456200,0,0,0,0,0,4040,575,0.142326733,102500,0,0,0,0
25023501204,0,0,0,0,0,5023,593,0.118056938,76759,0,0,0,0
25025060101,5456.746435,8954520.9,465,0.12659951,2437.931092,3673,759,0.206643071,152697,959026169,584415.7032,449633.39,122.4158426
25021456102,0,0,0,0,0,5144,736,0.143079316,73689,0,0,0,0
25017352300,0,0,0,0,0,4313,256,0.059355437,136471,0,0,0,0
25025070201,323699.3713,108115590,63,0.015789474,27096.6391,3990,218,0.054636591,48651,976079874,2922394.832,20489.12,5.135117794
25021422202,0,0,0,0,0,6961,1100,0.158023273,87889,0,0,0,0
25021412100,0,0,0,0,0,6707,969,0.144475921,203831,0,0,0,0
25017321400,0,0,0,0,0,4239,461,0.108752064,104953,0,0,0,0
25009204102,0,0,0,0,0,5708,802,0.140504555,79397,0,0,0,0
25025130404,6357.143719,6700429.48,497,0.161731207,2180.419616,3073,419,0.136348845,85066,440708924,418129.9089,149291.51,48.5816824
25017368700,0,0,0,0,0,2684,268,0.099850969,71895,0,0,0,0
25025081001,2218.714286,1397790,327,0.057418788,245.4416155,5695,231,0.040561896,37453,685323015,1087814.31,87013.57,15.27894118
25017342101,0,0,0,0,0,5028,470,0.093476531,70380,0,0,0,0
25021420102,0,0,0,0,0,4122,623,0.151140223,88256,0,0,0,0
25017354300,0,0,0,0,0,3488,314,0.090022936,141490,0,0,0,0
25021420202,0,0,0,0,0,7404,808,0.1091302,80000,0,0,0,0
25009208200,0,0,0,0,0,5530,852,0.154068716,72885,0,0,0,0
25021416102,0,0,0,0,0,4005,379,0.09463171,198889,0,0,0,0
25025071201,4981.433456,4338828.54,105,0.029880478,1234.726392,3514,408,0.116107001,76366,834328165,957896.8599,20024804.27,5698.578335
25021456402,0,0,0,0,0,5542,808,0.145795742,133398,0,0,0,0
25021422502,0,0,0,0,0,5590,828,0.148121646,80739,0,0,0,0
25017320102,0,0,0,0,0,5417,793,0.146390991,202404,0,0,0,0
25017364101,0,0,0,0,0,5631,1052,0.186822944,116544,0,0,0,0
25017322300,0,0,0,0,0,6281,928,0.147747174,64272,0,0,0,0
25021410400,0,0,0,0,0,6858,838,0.122193059,88325,0,0,0,0
25025101002,17577.49207,11899962.13,682,0.119397759,2083.326703,5712,246,0.043067227,50671,297692597,439074.6268,18981.52,3.323095238
25025010404,847.7615751,801982.45,139,0.024186532,139.5480164,5747,293,0.050983122,24821,712766500,753452.9598,19465.16,3.387012354
25021413300,0,0,0,0,0,5083,518,0.101908322,125528,0,0,0,0
25025130200,8631.422962,12239357.76,1203,0.255522515,2599.693662,4708,616,0.130841121,122266,809445182,570433.5321,110120.36,23.39005098
25017350500,0,0,0,0,0,1743,127,0.07286288,121757,0,0,0,0
25017341200,0,0,0,0,0,6988,512,0.07326846,77023,0,0,0,0
25009201100,0,0,0,0,0,3334,508,0.152369526,99456,0,0,0,0
25021403400,0,0,0,0,0,6961,962,0.138198535,164479,0,0,0,0
25025060200,7365.734602,6577601,339,0.145618557,2825.429983,2328,437,0.187714777,138804,528182395,591469.6473,493076.94,211.8028093
25021413402,0,0,0,0,0,4901,476,0.097123036,110000,0,0,0,0
25017382400,0,0,0,0,0,5340,740,0.138576779,97798,0,0,0,0
25025010300,74.23580786,17000,58,0.011183957,3.278056305,5186,55,0.010605476,56953,153279540,669342.9694,4376.09,0.843827613
25017353900,0,0,0,0,0,6139,99,0.016126405,59667,0,0,0,0
25025000703,145.3586498,34450,110,0.045045045,14.10728911,2442,73,0.02989353,44674,185183538,781365.1392,3905.52,1.599312039
25025170503,0,0,0,0,0,1698,386,0.227326266,90159,0,0,0,0
25025100603,1719.17289,1588515.75,329,0.151473297,731.3608425,2172,394,0.181399632,123169,497591779,537937.0584,37255.36,17.15255985
25023506203,0,0,0,0,0,5256,967,0.183980213,135058,0,0,0,0
25021413201,0,0,0,0,0,4834,751,0.155357882,67286,0,0,0,0
25017370202,0,0,0,0,0,4222,537,0.127190905,98090,0,0,0,0
25023505102,0,0,0,0,0,5317,822,0.154598458,162639,0,0,0,0
25017373300,0,0,0,0,0,3100,435,0.140322581,136307,0,0,0,0
25021416101,0,0,0,0,0,6274,935,0.149027734,158550,0,0,0,0
25017352101,0,0,0,0,0,4271,781,0.182861157,81989,0,0,0,0
25025092000,11534.83659,10923490.25,656,0.126640927,2108.781902,5180,303,0.058494208,61786,410164668,432663.1519,13366644.14,2580.433232
25021413202,0,0,0,0,0,2093,221,0.105590062,119659,0,0,0,0
25021410100,0,0,0,0,0,6813,961,0.141053868,97426,0,0,0,0
25021417602,0,0,0,0,0,5402,588,0.108848575,89617,0,0,0,0
25021417601,0,0,0,0,0,5249,599,0.114116975,90583,0,0,0,0
25017341904,0,0,0,0,0,3237,301,0.092987334,46829,0,0,0,0
25009206000,0,0,0,0,0,3704,256,0.069114471,51466,0,0,0,0
25017373901,0,0,0,0,0,3128,518,0.165601023,172321,0,0,0,0
25025070501,14490.37445,20706745.09,284,0.127755286,9314.775119,2223,597,0.268556005,180409,1384186630,968640.049,33103.39,14.89131354
25025091300,31262.53523,16256518.32,278,0.105864433,6190.601036,2626,193,0.073495811,35078,697193710,1340757.135,107112030.1,40789.04421
25017320105,0,0,0,0,0,2573,522,0.20287602,190139,0,0,0,0
25017330202,0,0,0,0,0,4248,632,0.148775895,95583,0,0,0,0
25017340000,0,0,0,0,0,2590,274,0.105791506,110525,0,0,0,0
25017341901,0,0,0,0,0,1515,190,0.125412541,92431,0,0,0,0
25023506205,0,0,0,0,0,1858,343,0.184607104,133110,0,0,0,0
25025120500,2765.830656,1938847.29,262,0.108130417,800.1846017,2423,295,0.121749897,127500,370317335,528270.0927,113038.43,46.65226166
25025010403,1429.338608,893336.63,79,0.024850582,281.0118371,3179,230,0.072349796,35853,607764451,970869.73,111778.81,35.1616263
25017369100,0,0,0,0,0,5059,799,0.157936351,121830,0,0,0,0
25009221901,0,0,0,0,0,3490,606,0.173638968,105625,0,0,0,0
25025092200,6213.74478,4939927.1,557,0.154636313,1371.440061,3602,259,0.071904498,85132,338621454,425938.9358,180488.52,50.1078623
25017382300,0,0,0,0,0,5917,1025,0.173229677,202188,0,0,0,0
25021443105,0,0,0,0,0,2080,557,0.267788462,90350,0,0,0,0
25017337102,0,0,0,0,0,5414,876,0.161802734,117153,0,0,0,0
25025091500,3772.973097,4312508.25,494,0.107672188,939.953847,4588,421,0.091761116,56203,462684088,404797.9773,169433303.1,36929.66502
25017350800,0,0,0,0,0,2076,308,0.148362235,153958,0,0,0,0
25025091900,3775.887448,2722414.85,500,0.116877045,636.3756078,4278,269,0.06287985,56750,285997960,396668.4605,229979.62,53.75867695
25025140400,1874.792495,3569604.91,1484,0.188828095,454.2059944,7859,700,0.089069856,67260,537100141,281794.4077,99247356.83,12628.49686
25009205800,0,0,0,0,0,3725,465,0.124832215,55559,0,0,0,0
25017338300,0,0,0,0,0,3469,488,0.140674546,203015,0,0,0,0
25023507103,0,0,0,0,0,4534,897,0.197838553,161136,0,0,0,0
25027741101,0,0,0,0,0,4646,853,0.183598795,164625,0,0,0,0
25017336100,0,0,0,0,0,5758,927,0.1609934,100854,0,0,0,0
25021442101,0,0,0,0,0,5797,877,0.151285147,126504,0,0,0,0
25025000503,802.9288426,790884.91,62,0.025641026,327.0822622,2418,342,0.141439206,85417,355908038,361327.9574,17475.23,7.227142266
25017373200,0,0,0,0,0,4789,506,0.105658801,98472,0,0,0,0
25017357300,0,0,0,0,0,3117,354,0.113570741,145136,0,0,0,0
25025180101,0,0,0,0,0,5804,768,0.132322536,78778,0,0,0,0
25017336201,0,0,0,0,0,3062,456,0.148922273,175210,0,0,0,0
25017383102,0,0,0,0,0,5012,372,0.074221868,44250,0,0,0,0
25017385203,0,0,0,0,0,4797,1245,0.259537211,108177,0,0,0,0
25009204701,0,0,0,0,0,6185,1035,0.16734034,73265,0,0,0,0
25017340100,0,0,0,0,0,6698,1003,0.149746193,108351,0,0,0,0
25025000806,153.0833333,3674,39,0.019776876,1.863083164,1972,10,0.005070994,69387,312763939,13031830.79,364.35,0.184761663
25009208101,0,0,0,0,0,5402,817,0.151240281,84668,0,0,0,0
25017370201,0,0,0,0,0,3798,492,0.129541864,124531,0,0,0,0
25021423102,0,0,0,0,0,4532,838,0.184907326,163527,0,0,0,0
25025000202,3970.326068,2211471.62,478,0.115236258,533.1416635,4148,243,0.058582449,84938,369684646,663706.7253,13310.21,3.20882594
25017339300,0,0,0,0,0,2996,362,0.12082777,74839,0,0,0,0
25021403300,0,0,0,0,0,4431,794,0.179192056,250001,0,0,0,0
25025091800,2744.575679,2121557,457,0.122915546,570.6178053,3718,246,0.066164605,39674,284291260,367776.533,38342007.17,10312.53555
25025101102,7242.311614,6373234.22,539,0.11309274,1337.229169,4766,324,0.067981536,48393,394628629,448441.6239,71634103.67,15030.23577
25021441204,0,0,0,0,0,5045,706,0.139940535,149929,0,0,0,0
25017373600,0,0,0,0,0,6132,689,0.112361383,241500,0,0,0,0
25009206500,0,0,0,0,0,3747,396,0.105684548,44750,0,0,0,0
25021400201,0,0,0,0,0,3047,403,0.132261241,97642,0,0,0,0
25025051000,2950.627174,2171661.6,512,0.11860088,503.0487839,4317,319,0.073893908,65875,580479274,787624.5237,123589.01,28.628448
25017356703,0,0,0,0,0,3211,461,0.143568982,116136,0,0,0,0
25017357500,0,0,0,0,0,2255,266,0.117960089,121442,0,0,0,0
25021420301,0,0,0,0,0,7295,1072,0.146949966,95672,0,0,0,0
25025100200,5676.527515,3905450.93,388,0.132922234,1337.941394,2919,222,0.076053443,58958,225561916,327851.6221,3355625,1149.580336
25023507101,0,0,0,0,0,5589,865,0.154768295,143173,0,0,0,0
25009205700,0,0,0,0,0,5072,756,0.149053628,80280,0,0,0,0
25021419200,0,0,0,0,0,5177,638,0.123237396,134821,0,0,0,0
25025030302,55388.7474,22986330.17,164,0.088937093,12465.47189,1844,149,0.080802603,119659,5620213485,13542683.1,50263033.83,27257.61054
25009205300,0,0,0,0,0,4807,839,0.174537133,116161,0,0,0,0
25021417502,0,0,0,0,0,4716,489,0.103689567,76250,0,0,0,0
25017353600,0,0,0,0,0,5146,290,0.05635445,120417,0,0,0,0
25025130300,26231.59518,37930886.63,1184,0.263345196,8436.585105,4496,597,0.132784698,135966,775422141,535882.613,32975.46,7.334399466
25009203100,0,0,0,0,0,7232,1056,0.146017699,205938,0,0,0,0
25017385201,0,0,0,0,0,2837,375,0.132181882,93750,0,0,0,0
25025040100,7359.470767,12378629.83,329,0.13940678,5245.182131,2360,633,0.268220339,165926,1169113276,694660.2947,42655.18,18.07422881
25009211202,0,0,0,0,0,3830,724,0.189033943,87429,0,0,0,0
25021419602,0,0,0,0,0,5913,944,0.159648233,137228,0,0,0,0
25017387100,0,0,0,0,0,4379,758,0.173098881,136404,0,0,0,0
25023508101,0,0,0,0,0,7078,1256,0.177451257,149224,0,0,0,0
25023508102,0,0,0,0,0,4978,896,0.179991965,108750,0,0,0,0
25017366202,0,0,0,0,0,5241,956,0.182407937,211875,0,0,0,0
25025010104,13209.522,22641120.71,186,0.036737112,4471.878473,5063,626,0.123642109,59063,1962204073,1144142.317,130166.6,25.70938179
25021408103,0,0,0,0,0,3034,364,0.119973632,188750,0,0,0,0
25017370104,0,0,0,0,0,3734,509,0.136314944,109441,0,0,0,0
25021419300,0,0,0,0,0,4000,439,0.10975,95288,0,0,0,0
25017330201,0,0,0,0,0,2570,678,0.26381323,136444,0,0,0,0
25017341102,0,0,0,0,0,5180,373,0.072007722,76179,0,0,0,0
25017368200,0,0,0,0,0,4198,583,0.138875655,127984,0,0,0,0
25021401201,0,0,0,0,0,5191,488,0.094008861,215391,0,0,0,0
25017341101,0,0,0,0,0,3850,519,0.134805195,124815,0,0,0,0
25017374300,0,0,0,0,0,3772,548,0.145281018,250001,0,0,0,0
25023506206,0,0,0,0,0,2886,681,0.235966736,63564,0,0,0,0
25017334200,0,0,0,0,0,4070,626,0.153808354,99207,0,0,0,0
25009205500,0,0,0,0,0,5500,636,0.115636364,62965,0,0,0,0
25021417702,0,0,0,0,0,2826,406,0.143665959,100792,0,0,0,0
25025070700,9171.024419,10189008.13,201,0.079540958,4032.057036,2527,420,0.166204986,128313,1487534245,1338914.712,24099.7,9.536881678
25009205900,0,0,0,0,0,4798,502,0.104626928,67197,0,0,0,0
25027744102,0,0,0,0,0,5552,792,0.142651297,103073,0,0,0,0
25017333200,0,0,0,0,0,5228,640,0.122417751,87261,0,0,0,0
25009210100,0,0,0,0,0,6880,782,0.113662791,126917,0,0,0,0
25021417501,0,0,0,0,0,5291,554,0.104706105,78125,0,0,0,0
25017336404,0,0,0,0,0,2578,347,0.134600465,91689,0,0,0,0
25023501203,0,0,0,0,0,2679,351,0.131019037,189554,0,0,0,0
25017360300,0,0,0,0,0,7014,816,0.116338751,145833,0,0,0,0
25017353200,0,0,0,0,0,5242,330,0.062953071,114565,0,0,0,0
25021411301,0,0,0,0,0,6072,865,0.142457181,171875,0,0,0,0
25017342202,0,0,0,0,0,4208,404,0.096007605,65200,0,0,0,0
25009208402,0,0,0,0,0,3514,417,0.118668184,109074,0,0,0,0
25017342600,0,0,0,0,0,4969,331,0.066613001,63802,0,0,0,0
25025170200,0,0,0,0,0,5305,446,0.084071631,46192,0,0,0,0
25027744400,0,0,0,0,0,4267,581,0.136161237,67313,0,0,0,0
25025070502,16377.62879,20242749.19,244,0.071912762,5966.03277,3393,513,0.151193634,21951,1165232232,942744.5243,32754.39,9.65351901
25017387202,0,0,0,0,0,4386,664,0.151390789,160972,0,0,0,0
25025070902,6068.17986,7809747.48,208,0.090434783,3395.542383,2300,536,0.233043478,115089,1023700665,794798.653,115695.69,50.30247391
25025070802,6265.472355,8777926.77,292,0.108752328,3269.246469,2685,565,0.210428305,81250,1246298038,888942.9658,2376054269,884936.4131
25025000701,1067.804123,1077414.36,179,0.039628072,238.5243215,4517,319,0.070622094,72382,464389173,460246.9504,21449.52,4.748620766
25017363105,0,0,0,0,0,3781,592,0.156572335,83977,0,0,0,0
25025080801,77102.29412,2621478,59,0.013778608,612.2087809,4282,13,0.003035965,28295,66816700,1965197.059,6293.96,1.469864549
25017363202,0,0,0,0,0,3717,535,0.14393328,155833,0,0,0,0
25009210302,0,0,0,0,0,4918,468,0.095160634,101105,0,0,0,0
25025110502,2775.692609,3616727.47,770,0.1925,904.1818675,4000,515,0.12875,106717,571142417,438328.7928,227881.02,56.970255
25025110301,2821.733404,2404116.86,540,0.216,961.646744,2500,316,0.1264,90833,365123839,428549.1068,71714.61,28.685844
25017384004,0,0,0,0,0,1459,212,0.145305003,115417,0,0,0,0
25025120105,7388.532991,8496812.94,594,0.238362761,3409.636011,2492,447,0.179373997,163884,738497264,641056.6528,117597.43,47.18997994
25025010204,5728.115966,3408229,158,0.045890212,989.9009585,3443,207,0.060121987,47750,1995479680,3353747.361,12465.86,3.620638978
25017367100,0,0,0,0,0,4861,706,0.145237605,234205,0,0,0,0
25025081800,4762.087577,3557279.42,441,0.123633305,997.2748584,3567,285,0.079899075,33646,258516789,346073.3454,63951.41,17.9286263
25017337101,0,0,0,0,0,3220,406,0.126086957,116806,0,0,0,0
25009205600,0,0,0,0,0,4422,461,0.10425147,51045,0,0,0,0
25017332201,0,0,0,0,0,2111,255,0.120795831,88670,0,0,0,0
25025120700,3054.904223,2242299.7,195,0.091164095,1048.293455,2139,261,0.122019635,123700,481667971,656223.3937,19865.01,9.287054698
25017333501,0,0,0,0,0,5093,678,0.133123896,118917,0,0,0,0
25009208301,0,0,0,0,0,2678,301,0.112397311,67399,0,0,0,0
25017350105,0,0,0,0,0,1181,81,0.068585944,113750,0,0,0,0
25017336202,0,0,0,0,0,3416,542,0.158665105,188438,0,0,0,0
25017365100,0,0,0,0,0,7918,1271,0.160520333,219785,0,0,0,0
25021456401,0,0,0,0,0,2886,426,0.147609148,111042,0,0,0,0
25009207200,0,0,0,0,0,3003,205,0.068265068,33714,0,0,0,0
25021417902,0,0,0,0,0,3786,493,0.130216587,88529,0,0,0,0
25025000505,122.1914008,88100,81,0.036885246,40.11839709,2196,258,0.117486339,53365,309437235,429177.8571,20983.01,9.555104736
25021401000,0,0,0,0,0,3534,474,0.134125637,124875,0,0,0,0
25009223100,0,0,0,0,0,4149,770,0.185586888,99053,0,0,0,0
25017323101,0,0,0,0,0,3819,529,0.138517937,140865,0,0,0,0
25021406102,0,0,0,0,0,6718,1087,0.161804108,211086,0,0,0,0
25025060601,635.5280685,667940,201,0.100199402,332.9710867,2006,457,0.22781655,163646,599473107,570383.5461,65803.39,32.80328514
25021410300,0,0,0,0,0,4947,621,0.125530625,104750,0,0,0,0
25027744201,0,0,0,0,0,2824,381,0.134915014,95291,0,0,0,0
25017320107,0,0,0,0,0,4376,266,0.060786106,161834,0,0,0,0
25021411101,0,0,0,0,0,4665,400,0.085744909,145868,0,0,0,0
25027744202,0,0,0,0,0,5339,831,0.155647125,81588,0,0,0,0
25025020301,2339.62766,1319550,37,0.017082179,609.2105263,2166,192,0.088642659,112045,349738977,620104.5691,40011881.35,18472.70607
25017354500,0,0,0,0,0,1937,221,0.11409396,157938,0,0,0,0
25009215102,0,0,0,0,0,2939,491,0.167063627,108833,0,0,0,0
25025180500,0,0,0,0,0,4089,689,0.168500856,94041,0,0,0,0
25021441203,0,0,0,0,0,4112,578,0.140564202,119167,0,0,0,0
25021417802,0,0,0,0,0,3217,191,0.059372086,34318,0,0,0,0
25017337202,0,0,0,0,0,5110,733,0.143444227,106722,0,0,0,0
25017383402,0,0,0,0,0,3799,580,0.152671756,65921,0,0,0,0
25017385101,0,0,0,0,0,2869,272,0.094806553,159018,0,0,0,0
25025170102,0,0,0,0,0,5015,508,0.101296112,85519,0,0,0,0
25021402200,0,0,0,0,0,2217,394,0.177717636,113942,0,0,0,0
25025120600,1130.410023,998152.05,379,0.147700701,388.9914458,2566,371,0.144583009,130000,449923613,508963.3631,22947.19,8.942786438
25009210600,0,0,0,0,0,4424,582,0.131555154,73616,0,0,0,0
25009211300,0,0,0,0,0,6916,995,0.143869289,130556,0,0,0,0
25025081302,12064.8694,3233385,120,0.038961039,1049.800325,3080,94,0.030519481,25308,165551644,617730.0149,25518973.26,8285.380929
25025000601,3277.88628,2766536.02,437,0.116285258,736.1724375,3758,323,0.085949973,114479,517652575,613332.4348,710016981.9,188934.8009
25021418101,0,0,0,0,0,5121,654,0.127709432,99183,0,0,0,0
25025000502,203.7339401,245091.93,106,0.015173204,35.08329946,6986,422,0.060406527,76458,606742496,504357.852,61021887.04,8734.882199
25017370302,0,0,0,0,0,1572,168,0.106870229,90238,0,0,0,0
25025091400,5298.898815,2236135.3,307,0.106375606,774.8216563,2886,123,0.042619543,45990,284261171,673604.6706,61127322.86,21180.63855
25017354400,0,0,0,0,0,1730,230,0.132947977,148828,0,0,0,0
25017341302,0,0,0,0,0,2273,169,0.074351078,73976,0,0,0,0
25017342502,0,0,0,0,0,3080,225,0.073051948,68482,0,0,0,0
25017385102,0,0,0,0,0,4972,668,0.134352373,120549,0,0,0,0
25017342102,0,0,0,0,0,4718,359,0.076091564,73000,0,0,0,0
25021420201,0,0,0,0,0,3576,464,0.129753915,63818,0,0,0,0
25023506202,0,0,0,0,0,2570,385,0.149805447,116369,0,0,0,0
25025981700,0,0,3,0.75,0,4,35,8.75,-666666666,679921209,8499015.113,8059.15,2014.7875
25021416200,0,0,0,0,0,6913,875,0.126573123,119514,0,0,0,0
25027744104,0,0,0,0,0,5167,621,0.120185794,111220,0,0,0,0
25025120400,4714.813358,11584296.42,863,0.143689644,1928.787283,6006,1008,0.167832168,122569,1339152919,545035.7831,64450.46,10.73101232
25009205400,0,0,0,0,0,4874,817,0.167624128,109505,0,0,0,0
25027744103,0,0,0,0,0,2780,639,0.229856115,112524,0,0,0,0
25025020305,0,0,15,0.004128819,0,3633,316,0.086980457,126576,818621998,930252.2705,145921.14,40.16546656
25025081101,11531.27877,3828384.55,56,0.037735849,2579.773956,1484,116,0.078167116,71875,146710229,440571.2583,65366157.58,44047.276
25021443104,0,0,0,0,0,4763,734,0.154104556,114659,0,0,0,0
25017339804,0,0,0,0,0,2260,198,0.087610619,101413,0,0,0,0
25025010103,0,0,126,0.026825633,0,4697,1,0.000212902,34804,7572000,2524000,0,0
25025000201,2067.38864,1383083,522,0.132051606,349.8818619,3953,264,0.06678472,112244,357266400,534030.4933,139105.73,35.18991399
25021414100,0,0,0,0,0,5862,923,0.157454794,144808,0,0,0,0
25017352400,0,0,0,0,0,1879,79,0.04204364,68350,0,0,0,0
25009206300,0,0,0,0,0,4214,566,0.134314191,73836,0,0,0,0
25021417202,0,0,0,0,0,4059,380,0.093619118,85023,0,0,0,0
25017323102,0,0,0,0,0,3355,570,0.169895678,157434,0,0,0,0
25023508200,0,0,0,0,0,6305,807,0.127993656,115385,0,0,0,0
25025170301,0,0,0,0,0,7045,795,0.11284599,90165,0,0,0,0
25025010405,9696.42228,3742819,84,0.012257406,546.1577411,6853,185,0.026995476,18125,581215494,1505739.622,12640.53,1.844525026
25021414200,0,0,0,0,0,7549,1032,0.136706849,182734,0,0,0,0
25025070901,24478.93922,5972861.17,79,0.067811159,5126.919459,1165,112,0.096137339,30357,330900216,1350613.127,10429.5,8.952360515
25017357400,0,0,0,0,0,2372,230,0.096964587,203828,0,0,0,0
25009206100,0,0,0,0,0,4199,310,0.073827102,38729,0,0,0,0
25017336403,0,0,0,0,0,3254,175,0.053779963,117153,0,0,0,0
25025020302,2463.375219,2133282.94,138,0.106728538,1649.870797,1293,334,0.258313998,126250,1113656284,1285977.233,125596.06,97.13539056
25017363201,0,0,0,0,0,3317,496,0.14953271,188000,0,0,0,0
25017385204,0,0,0,0,0,3357,522,0.155495979,139554,0,0,0,0
25017350702,0,0,0,0,0,3315,209,0.063046757,24194,0,0,0,0
25017339803,0,0,0,0,0,3383,316,0.093408218,95077,0,0,0,0
25025981502,0,0,0,0,0,7,13,1.857142857,-666666666,1400000,1400000,0,0
25021419500,0,0,0,0,0,3481,466,0.133869578,143065,0,0,0,0
25021408104,0,0,0,0,0,5149,695,0.134977666,162681,0,0,0,0
25025981202,0,0,30,5,0,6,158,26.33333333,-666666666,451550939,1736734.381,6001.65,1000.275
25025170504,0,0,0,0,0,3157,320,0.101362053,101397,0,0,0,0
25009207100,0,0,0,0,0,3807,345,0.090622537,73929,0,0,0,0
25025081200,7791.523529,2649118,193,0.055048488,755.5955505,3506,142,0.040501997,25580,179787293,527235.4633,69670.34,19.87174558
25025981800,37.03703704,5000,6,0.260869565,217.3913043,23,56,2.434782609,-666666666,75052388,555943.6148,3003.81,130.6004348
25009202103,0,0,0,0,0,1735,256,0.147550432,114028,0,0,0,0
25025110104,3272.705063,1034174.8,211,0.09692237,475.0458429,2177,116,0.053284336,47612,160862507,509058.5665,7658.91,3.518102894
25025061101,190.4761905,4000,17,0.006273063,1.47601476,2710,8,0.00295203,12300,11138153,530388.2381,654.12,0.241372694
25025060602,0,0,18,0.054380665,0,331,48,0.145015106,104861,1165531556,12950350.62,2785.65,8.415861027
25025070801,6301.103324,2236891.68,49,0.046401515,2118.268636,1056,145,0.137310606,-666666666,311086156,876299.031,210008875.4,198872.0411
25025120103,2701.150305,1596379.83,334,0.203410475,972.2167052,1642,238,0.144945189,196563,445009903,752977.8393,10620.86,6.468246041
25017341903,0,0,0,0,0,6888,366,0.053135889,106289,0,0,0,0
25025980700,942.2646341,77265.7,4,0.571428571,11037.95714,7,31,4.428571429,-666666666,20619792,251460.878,1944.07,277.7242857
25025040200,16478.83173,8651386.66,164,0.102885822,5427.469674,1594,195,0.122333752,138036,376078409,712269.714,14406.5,9.037954831
25021418003,0,0,0,0,0,2448,214,0.087418301,113356,0,0,0,0
25017369000,0,0,0,0,0,3300,62,0.018787879,-666666666,0,0,0,0
25017354601,0,0,0,0,0,1646,253,0.153705954,107206,0,0,0,0
25025130406,2551.388794,2115101.31,354,0.062777088,375.0844671,5639,361,0.064018443,44115,433036737,522360.3583,156502.86,27.7536549
25025000807,0,0,14,0.006134969,0,2282,3,0.001314636,-666666666,30636200,2356630.769,163.37,0.07159071
,0,,0,0,,,,,-666666666,0,0,0,0
25021419601,0,0,0,0,0,1600,242,0.15125,165532,0,0,0,0
25025140106,752.1659091,66190.6,66,0.03030303,30.39054178,2178,34,0.015610652,33235,39268686,446235.0682,2177.59,0.999811754
25025060603,0,0,23,0.015312916,0,1502,12,0.007989348,194643,183207377,1908410.177,-29.62,-0.019720373
25025980300,4392.255556,395303,4,0.03539823,3498.256637,113,46,0.407079646,-666666666,44314874,492387.4889,1941.35,17.1800885
25025110106,4061.748184,1811539.69,229,0.168879056,1335.943724,1356,171,0.126106195,93221,201902444,451683.3199,13457.14,9.924144543
25025981100,8.454545455,279,19,0.195876289,2.87628866,97,20,0.206185567,-666666666,17798292,539342.1818,290.26,2.992371134
25025010408,2189.45208,873591.38,36,0.025034771,607.5044367,1438,121,0.084144645,67832,158936372,398336.7719,12031.03,8.366502086
25021422201,0,0,0,0,0,2277,42,0.018445323,117750,0,0,0,0
,0,,0,0,,,,,,0,0,0,0
25025981000,1936.25,61960,4,0.363636364,5632.727273,11,8,0.727272727,-666666666,21323400,666356.25,774.98,70.45272727
25017353102,0,0,0,0,0,6238,4,0.000641231,63438,0,0,0,0
25017350106,0,0,0,0,0,1660,6,0.003614458,115029,0,0,0,0
25025070103,2053.846154,26700,10,0.013315579,35.55259654,751,11,0.014647137,62750,17998000,1384461.538,100.82,0.13424767